user_id,clip_id,weight
703680,155818,301.9885795041615
801034,674816,2.3924045100737854
975852,181501,39.11726057162589
563786,589532,0.02359797416339063
680731,173540,5.86801960714309
580347,467336,26.01356124748188
510457,683627,278.242869282158
427619,139708,0.36529001457301974
582638,111351,159.83707295449997
677984,222168,0.3951731997671325
763494,116583,0.04481412749900664
565110,776827,0.025906414977837914
229032,576192,0.07316394633841725
789430,858686,0.4929527879853646
792900,697735,17.38570072290519
806119,720021,1.5673550792816073
185660,358492,10.387736667724722
703102,892846,152.16943031517891
886976,359964,0.00556799879399544
228705,744225,1.1353792541186254
685281,168036,0.12123257245376046
457281,676985,26.91129245187115
687507,79564,0.16219716937913684
976288,853711,29.39796190022092
834376,660710,16.94107896373748
652344,412048,34.15800024069314
567610,695522,23.559720724341098
757732,561824,138.6266913489841
880154,289302,223.41640713674104
87420,368515,0.12611705075295584
656073,500298,20.858105367696833
233136,230551,34.656128729063504
23425,168259,7.293975850647139
267531,712748,50.66132840654583
500785,600576,0.09027039686745691
464862,681692,0.07980387259363962
175764,731273,0.0022005947987238593
485906,682351,4.463684745074377
564202,830738,201.8311897080238
39784,432562,3.463902550972821e-05
708871,945506,0.12799879465814987
960886,124092,1767.6203441862622
617317,481574,0.0
432054,232504,0.08563017895006421
888088,178147,0.5633095456952195
827484,175115,1826.5029905065176
101403,810856,68.25248170417478
198599,930630,2.5416653168534267
184614,885751,1.342853687005045
168685,991132,58.785055535192825
360936,181501,0.8974190532650836
594395,467336,0.0
960230,944806,1.3689774029159825
983077,453204,3.9307110334203057
914527,19394,1.2210194885266805
134594,361613,389.7017156374868
257737,322436,0.9483744698286983
514611,742056,0.41207354910620514
90287,46897,1.1387721281043002
960206,155818,1.1470131064793498
196165,323222,0.2435036264829222
847891,545918,0.12933357021313313
927322,634974,17.535354188295024
728367,610392,0.3444554704490892
138760,354754,0.24367767340941457
383577,43041,0.994905546863513
756469,203088,148.45439001937962
263144,419839,7.085960138397707
688290,810856,50.29861077704262
229999,173540,50.22021041917161
873523,71619,1.4323013011300552
826268,477242,0.6544426352766921
196767,405050,724.3542650250033
956139,429815,3.1265578959416165
853921,247498,0.06540452203521445
642482,209007,1.7899285584829188
192054,947232,18.320542673211524
991436,950081,1.5339897995075416
402936,359220,34.95483450565868
73483,343176,9.527247050773298
665395,696504,0.01313282612116798
94128,191805,0.4204799270735226
733443,784640,6.798314973456195e-05
145024,149616,0.047486502249886736
87420,357060,6.4918243236539075
939428,443963,0.15862372634057317
845022,172970,0.03584445393792682
73989,442208,0.0
748236,43055,36.015817829146094
961715,780093,0.00036611527933688514
789805,753436,2.0548347584558404
321379,361613,0.9084360192109201
298171,137151,0.00024322984452897363
473629,964047,443.06463158482103
961018,278805,0.47854186867313014
922821,845427,0.8893008366338386
746758,543648,0.0644254631957321
199796,923116,0.22142006377571813
567276,361613,328.26577239662896
787431,76576,0.019152074714205554
809388,421331,0.003124329871368727
956839,530632,0.14367416263072263
645071,272457,0.04435742631158753
497095,958530,22.197598660226326
303215,325011,0.8194914294598665
616654,166845,59.45048637595499
402769,429117,92.71990958009465
387838,789786,5.41129520707421
280445,278805,10.166711237081355
921397,845427,1.082673794315384
5545,138995,1.1734226772041783e-05
269328,843807,0.3058011252416403
815960,358032,0.7562895134722589
581089,175115,318.9273494792054
258600,343176,132.86138758653254
826214,124092,1327.2057048492898
511970,378771,25.223770890056606
930675,569289,17.304207675885674
235465,677576,4.837732941972533
826533,665162,0.3788754421203278
63167,457602,0.0016099053715432187
749492,122935,0.24932694701543007
115791,99737,2.0685289108564766
348711,494777,0.1526887260868581
457220,23763,17.39542856454337
87432,873790,0.015159830554100567
878123,935585,0.5088868491644002
749597,695522,99.60152441060723
155431,668467,31.39796236757817
843911,156463,84.14496266477694
733993,301921,0.01653262441409213
173252,259282,0.0678120609312965
304970,40691,42.653707839611634
667644,930577,0.00484313838722782
291936,218845,6.643941448747594e-05
853921,208721,0.10870040261056516
809698,172970,0.15824159036151442
212905,342381,0.6527333396463676
548651,879365,0.7594630298651378
40242,332403,0.04017760457691385
629589,440242,0.1427243707983034
572442,926341,6.549337985327406
862066,853711,6.876183994828171
690928,698415,55.11276706735602
880154,961450,5.464085769233433
838520,361613,42.01148080517204
950278,181501,106.47891383692888
705172,984203,2.449170533227038
525454,282435,2384.836418432044
94085,697735,15.653177227632979
742254,887902,0.05808799098987157
204933,736860,1.164975894346323
418840,22989,0.03160685222911716
459393,302116,0.028665402999178906
387451,11502,4.949909794180973
127948,443525,1.384754853022791
162715,975724,1.6669423434521145
233407,175115,1271.3936430440972
720908,172767,0.08897400741276022
738689,940986,5.763279036979466e-06
443869,159780,0.14023713861223763
965700,158396,0.8302808048884794
760280,430087,2.23333716517655
535656,699356,0.43954029633149644
545414,64135,5.467443440125222
706244,184702,0.2995721676521213
14468,530577,2.3382739629468916
473629,831838,145.70410639345164
927895,156463,91.22957309444399
321379,569772,0.001822222126673263
714063,444328,78.52752505120687
413789,442208,237.87645136635817
328648,442180,100.62282038557755
844831,825117,2.335477413422084
652162,530577,3.3918733300845867
35301,581871,20.23432364784549
51309,200862,6.786698075108951
690928,622212,29.118842225570845
709789,569289,90.45041337763038
307077,853711,10.343012536138637
583366,322141,0.13261916833671814
770147,964615,0.10367472137817287
485327,530632,0.6378272217585627
390708,919754,0.10625551990629611
500243,580528,0.0025151596330171082
105101,155818,2.9822545520409216
592059,835492,0.0006319269137186826
35301,19394,21.476117967056606
609299,513102,0.341238529982063
922821,222168,0.6103121024188872
606675,118072,0.0023098913476897747
388163,576534,9.525307155695062
292139,795806,0.0006141938091818793
428585,203088,151.77181298862806
921538,866793,20.429300145107188
269980,545860,0.04869841702688888
739689,443963,0.010683919443460798
544870,62959,30.63803136960312
230844,30048,34.475573001416215
133694,429117,13.720035741038943
872098,65027,0.006047087912608771
304321,88581,25.58272514984609
922821,670344,0.2625445153631948
602086,417921,0.1490957788637871
50241,929648,0.0013508115023788275
523601,940359,23.374870264440457
428998,477958,0.028266440740720766
386252,490812,0.1150081733378113
527585,530577,2.777214557184458
672075,203088,5106.314799927284
549879,719852,0.030296946283339826
517910,853711,29.048940889990416
674938,923116,0.7181992227664639
379468,839768,0.8676496180333775
629329,359220,2.053397556311309
738689,139708,0.011553398848490005
836445,714905,108.52938299327127
728654,576534,1.6903982709865664
162306,839864,0.2886360632550518
677058,961450,17.133800067199786
696596,429815,124.0821176880285
865119,810856,92.39289708531835
702370,864193,0.6063113046412244
889386,342381,0.9003238073226819
12778,676985,2.19909737134937
748236,683627,32.71601265535974
146050,882140,0.25264520965982945
860559,343176,4.098542483206136
501724,103828,0.32995652839325323
629275,371227,0.050383079354453714
767243,810856,140.5107648856462
648669,720245,7.7471572999136935
873523,352427,3.0101005478104286
411817,419839,2.6476328185212217
379357,528099,52.066086935639206
500846,156463,87.51172826074999
984969,107765,0.020571082899918585
31327,753436,2.325036593162431
144919,59550,1.1502707122836506
52441,825117,3.793357018636565
17180,531167,561.016848541939
113887,720245,768.0792643427146
798629,366172,30.71544385525691
180375,257446,1.2867426215171094
677984,998913,0.4430474000525782
991074,244124,1.7194921143013038
202511,404332,88.57224290631126
749597,817206,14.149900963209504
540926,146545,0.0
754834,341932,0.008035357053903024
84252,558292,0.03188861632646981
680396,707607,78.82823516307054
208192,558834,18.29390354777907
899692,259282,0.8681984713517983
578454,685284,0.01595821522471854
759507,875661,0.025331914937581596
619310,337599,0.1962803236614514
685281,860465,0.024338319442409967
51230,697735,0.0
5545,964615,0.007576151961561121
46049,322436,7.810382896224903
560178,282435,2218.8901601015737
865119,695522,61.02734516837939
478885,693469,43.80971525986758
197033,20822,3.701043753899928
519266,918042,1145.8124412494856
900442,768391,3.7351865016886654
731718,257446,3.195894823355261
703680,785196,50.97286974633111
779448,637840,0.12902005630310934
366716,222168,0.04637310679579812
412878,853711,31.661374121837852
569729,947182,0.0054971439795013025
213799,750287,0.3034160721584156
905328,289302,45.29579562087828
394550,969697,0.0
10146,133019,6.9739140440556975
914075,481574,60.04934505353324
25155,306419,7.668442294980762
837400,637196,0.0
212905,741090,0.0
485420,276693,0.35387223417051883
617317,550395,20.901003277773512
471115,628744,2.0603286101718645e-06
308024,417021,0.2018412426085409
368320,512900,1.5019434603501024e-05
901815,477242,71.4817659121652
704863,877336,13.28772397964523
780239,458201,1.1042029816709777
233229,589663,0.13221791828312562
448583,590338,0.0
465371,720021,1.0504976145855915
479968,43965,0.06776407461529949
290643,2282,0.0698141442617257
473629,964047,443.06463158482103
287882,625262,0.0
751813,156463,129.84878119585136
12180,158427,0.008605321810515761
218067,720021,32.762122120948405
440649,683627,2.2673324561817854
583366,290726,0.016182054619524027
154142,961450,170.10936052148602
257365,110225,40.08851827226923
425980,560212,0.14123587570372478
162306,952765,0.06831485538160031
717621,882140,0.01817076294219237
941366,615562,2.1675537272119882
926638,442208,0.0
805478,203088,1046.9480706876127
278830,332403,65.76354493917641
892315,176088,7.834332164572938
728654,172260,9.13724199561908
687395,357060,0.21356631884591915
23425,361613,723.5760411846258
996586,964047,12.86354940473755
13084,742056,0.06750996378835082
914075,617660,111.16147729822866
303215,416657,0.7564697651916839
30404,668067,0.013941403757997324
655693,956375,0.0
572295,457602,3.856639131013965e-06
388163,845658,110.0014705057591
275753,763239,0.0009768227807294336
508803,173210,0.005820952865709193
320710,367555,1.428443689896636
178036,632927,9.069278777251364
415534,78309,11.57226826956567
939109,357060,9.568724354783411
233713,668067,0.12226689594575847
616727,810856,2.369302855415411
694983,617660,5.47264976396684
897835,252161,11.615452565687303
804132,412048,4.2582665547720255
377658,332403,114.71309182887536
386404,30958,2.19723293082923
776400,86690,4.18133758128773
133263,70231,2.306305450833945
909495,412048,5.514491924433
527585,121800,0.03464079052483316
3028,92051,0.278135640640068
91756,930630,0.23118279491216553
367802,20945,0.00040948235226377427
274002,720245,0.0
943078,161791,30.936255507977496
16583,325011,0.17615509789198594
312559,660918,12.029586610068222
946410,306419,4.079237554088178
646566,88581,0.30866223193069764
958627,357060,4.162570397285582
798629,947232,86.22341615223266
198793,923116,0.7779167250715524
629573,116583,0.039523977365847035
535656,684955,0.10380419724847303
320505,62959,0.08519465016298455
325302,853711,136.19029428896076
139237,124092,71.4256536390857
226076,224759,3.2298210782337367
277770,442180,618.789953994607
919883,412048,118.13404654545965
202214,124092,2364.1191234758935
385467,554209,9.036563239393688e-05
300804,685277,7.479836499130967
600619,611677,0.07927202336748297
430771,442180,838.393688283746
921538,259282,45.88094965219335
733993,301921,0.01653262441409213
877276,831838,15.770527535452961
520152,368515,0.7202391599107624
29229,543648,0.48698065725257395
980347,887902,0.7227656179256192
314971,14510,0.003944485858344993
872280,731343,15.689054369913794
13713,947232,24.00983150580198
88536,47251,0.07075387859560067
533032,442208,67.3223037326613
149845,453204,0.047535656563316216
461374,842353,0.777488177275669
397925,352427,6.940174523877778
748809,765421,17.17145543048463
196165,975724,3.072730498100183
550427,247498,0.0466548969537334
198812,964047,1.0015157187896524
361930,807942,0.07179376364861947
675367,481574,0.0
981277,175115,12.15774511522973
550269,461718,0.4152704104151413
872098,580997,0.20544312620672883
29341,714905,109.11423216112223
501468,809910,0.0009624075669981195
581813,853711,0.859901861747063
687395,961450,0.16110621587842783
468276,92883,0.3632977181817509
623294,593407,4.816860071072927
515608,303318,0.008706122158138062
968421,880878,0.018302048139155796
52929,968746,0.24013952700232846
393604,432302,0.004528872245844501
494116,419839,1.2339372413613896
52933,845427,0.2353181047596762
49766,324722,0.09048668266248268
751455,442208,52.50832679816655
711852,419839,0.0
5334,429815,436.55538602636693
652344,622212,0.8464744149545436
616467,77532,0.026711686884118006
400867,142649,0.0
584174,684955,0.23090212914428906
60438,680503,1.1769784385459103
30404,218845,0.0018440759883365469
809698,918042,66.71574941513157
950407,285685,22.359443743654186
290858,865701,1.0943681870860056
132102,720245,30.23897481902165
107122,810277,10.888792470487385
376613,95297,982.3704202535839
52933,838567,0.010218423596682406
756469,85370,85.81678053486432
197117,837231,10.041243945859454
628474,143964,0.002131850135664953
509031,62959,0.16782651916781607
648400,901795,0.5936551037332412
462373,918042,69.74754769746029
190171,720021,617.5954197930886
438811,593896,2.585541690505906
705897,163987,0.1745220154972152
886557,161470,4814.83266458942
948660,361613,79.9887399012113
428585,134783,20.72074757761848
154714,85370,91.79825950008654
381409,134783,3.9746557121897825
466354,325011,1.520923481196286
510457,361613,971.2439823651347
729324,728573,0.20828745118884237
328887,892846,2.9688901737166105
983454,443963,0.06107249197178823
841967,155818,337.35687236683435
294105,558292,0.8613672082050171
688082,176088,0.908183832382574
208530,520514,8.407178214830135e-07
5334,755701,0.0
672617,904592,0.009077747322630609
445584,720245,480.0529561039256
98012,481574,3.697625973066264
757732,429117,212.77132771702242
651842,404921,0.007187507552995688
179421,332403,647.7224733810539
696944,467336,0.0
757708,805437,0.00203875499352007
745745,85370,59.11351622680163
773773,578968,83.93205904176934
830138,83760,27.346898316666827
816529,427016,12.121590370765407
74832,85370,141.13575226704745
786606,173540,11.820529801320795
728654,343176,11.691276966127655
641101,359220,2.941589394980944
662690,59550,50.23799140948769
287882,720245,62.17985038165383
996946,581871,2.358196326594631
831962,695522,9.336141618144941
980347,121996,0.038180044793295294
675367,285685,68.67072131679079
32513,30376,0.5504129503267328
391289,765004,11.5530359113197
109353,712748,322.3992111976509
91959,163987,0.008514756703054521
329918,543648,4.107492039488251
865448,797471,0.0
674371,483285,0.07400086234492433
217484,139878,0.049309202536092174
923619,341932,0.2694568549977628
235465,677576,4.837732941972533
522992,683627,16.101926450023065
259412,918042,73.15234943264542
109353,894544,41.145059387393644
356813,64135,2863.901184443016
890152,30376,0.06991551107775186
983077,359220,8.418068900162861
75683,343176,4.860662997731373
677984,132660,0.41914167824512516
976972,318504,0.1439559155190927
102809,357600,1.1731085213133332
267531,936020,0.0
296720,905371,0.0033002891818292614
738728,579967,3.984548500451291
170321,155818,0.28543866662074496
60438,772796,5.951060786453783
249667,232504,2.6100183544644437
226184,282435,41.05405240512729
623294,245135,5.798279275168185
580758,955087,3.7360861210951977
504578,720245,8.789156428642546
3859,417999,0.0
267531,567422,11.275174539485153
763494,337599,0.24277045247214676
748236,337273,400.44582962724235
46098,54879,0.003211280735773446
179421,7391,352.8546900441674
816529,15238,0.22758480002030243
249741,785196,423.07355516618895
742254,681692,0.9361824348389696
149710,918042,79.90150734072257
943753,342381,2.153176730915228
565019,19394,4.674731296311976
239215,684955,0.006619032502283803
865119,442208,299.4378065785814
189144,879365,11.709797366420721
285752,631627,0.0739041347643529
82245,740537,0.11530056401869178
612336,595517,21.59759793840773
943405,706119,0.3220359273073661
314004,175115,217.4522867571673
182917,878291,4.36321258710833
98220,358877,9.715566048147119
887152,656648,1.2860843885119144
525454,181501,418.19863085155106
307836,366475,0.6627210157158487
889517,210547,12.526044107782216
154714,175115,61.398382011302346
462373,191805,0.2813975588630358
87432,139708,0.18938453159729762
993278,955087,0.0989278027151033
88833,481574,29.974042957150232
820043,853711,48.11643902563929
178036,419839,383.81266266414485
23425,181501,82.5942333519696
152292,88020,0.006404006398303978
872280,746858,6.555524632332962
235170,647752,0.00024503076619201573
157849,546334,0.4149668766049487
870695,671635,0.011817070368114989
475311,569772,0.27709136849409494
119912,964047,1.385787570213524
229999,309284,2.310414094955152
434435,359220,20.037842501932374
366716,653526,0.002291744988263628
983003,395742,8.106807118743609
462373,430960,0.025201142932682236
385920,168040,0.0
399241,110225,3.856449989164198
249741,83760,0.0
255238,593896,28.065569897914934
642482,377243,1.679245150411022
583524,429815,69.3738425860678
921500,442208,488.51018228342195
443018,299201,0.2607417405548784
915822,501406,27.62507069329642
578454,741090,0.007550580540032104
725592,662929,0.08400288229993275
299012,742056,1.3629046895231531
35953,993433,9.159677269309223e-05
388542,539831,0.1600008042623896
987042,679564,0.03236332280003578
461672,285685,38.97940217416607
551116,942223,0.028122905906352733
904490,707607,667.5816367154686
245375,523230,1.584705439874406
777914,46858,0.9676423197711278
84252,27852,0.017250603160753948
141626,134783,579.8810340944193
32820,894544,12.68859456300683
446114,853711,278.84855271921265
280345,595651,115.2447670101657
788707,110225,106.17719833080356
588774,998913,12.446887535203425
940112,892846,17.577126306348898
685438,325135,70.13732464181979
704863,203088,354.7623782309762
287399,695073,5.7188805917626276e-05
481517,965622,0.18232879771487875
36989,252330,1.16538334578358
149710,631627,1.160767089094107
21197,8532,0.08622357329934074
672075,707607,1702.5118357494234
904490,353431,76.47879472472455
778023,924533,0.0
721041,40691,529.587787357081
621581,479451,4.786040653998746
687507,368515,0.21608474527909624
312559,753600,104.04951569993092
292231,358706,2.9880833399085835
40167,685277,1.0818657846201432
165064,792241,0.02909263668239857
858927,200862,3.4842185764422693
960673,209975,0.34787544328170134
743002,699356,0.0001203208412321735
943753,706932,0.024524340762062197
849071,169708,137.39941411502903
933875,890120,0.6230210913489035
502855,161470,4530.584523701733
931636,866793,0.2507716504503539
689551,859848,5.887461949115761
905328,77532,0.41300947394480353
864274,853711,111.31431784084958
854305,546334,16.491372893978323
912876,528099,3.822102141561873
801034,83016,0.0605183294105936
641101,878291,1.1129639325773955
160531,838773,0.002991270173162768
456045,172260,13.685276918448556
820043,181501,50.54171281825741
980347,430087,1.434934015083155
546751,90870,3.8862910288920443
472734,993470,2.450378728567806
572442,182948,13.219388896814953
134594,975724,3.2421805510506
278830,821099,18.437482041016327
303215,799263,0.5794680630460409
457566,961450,5.156130046920026
268330,77532,0.03726539052461008
651183,161791,205.54939424770834
784469,197265,0.23243174118157817
538866,323714,3.4846473929145665
396793,356630,0.46896482617149376
55408,762652,79.29314397893637
956139,712748,2.0134878558827753
950407,429815,137.48150836027196
539688,354754,41.31805351251328
488972,427016,24.861567069533727
679277,463579,0.23129825143867125
717621,204071,0.0
147687,323714,5.317466338110109
344387,804852,1.4813614092461702
646811,603814,1.6174240173341237
106422,559634,0.007502089461473109
400684,598237,0.022365832744879986
83556,28824,11.801033890096182
857941,560212,0.03594812653603159
921500,712748,52.054224833124735
155448,159881,0.2183950819009152
397832,271305,0.49173036973617135
931303,914322,32.83173921459727
693315,422993,0.11784296189730993
960206,968746,0.28199897282682757
841491,581546,0.006103178122801235
560178,429815,685.1021770434663
135234,964047,65.62591681242402
220422,454172,9.132647912664885
461374,359964,0.4085855623726767
930582,431405,0.0118249853134855
898340,959822,7.306329759290074e-05
537780,151958,0.4062144954219658
745745,332403,146.97117185411747
255238,785196,57.473984179610085
155813,546613,168.56986063664561
462373,853711,65.7316822082543
810951,842353,0.7684363464175915
428286,837231,45.2764298315915
363327,124092,374.81301103326314
517362,155818,285.22152547251187
676545,667218,0.3461226048963543
718811,830738,226.64122184607223
272515,252330,41.052142397890435
386252,720021,8.03784490631568
461672,845658,28.27364943731429
767243,892846,211.07972791883682
290858,429815,1499.587990975174
548897,77532,0.02194044129306688
199575,858686,4.671145717138595
35632,172260,0.32946621108517626
921349,652478,1.1210076828595454
548651,885751,8.325846411557771
764100,566781,0.11137846651614426
206430,78544,0.029178438596975
822352,35691,0.0007225748340234516
776400,124092,232.33128997386595
381316,79564,0.19218624603783777
155448,173500,0.044303707415775176
626453,168040,1166.6772057452529
879323,706932,0.18987046680701497
625230,427016,16.561849966517272
550269,467096,27.22207502784704
364412,794732,0.7861996265660992
777692,172767,0.15703203645658775
917331,280800,51.07993650802589
621581,76655,3.180037451430635
676547,707607,183.8692251700609
994557,203088,40.65120810683263
363327,811014,26.4876047245976
44344,124806,4.494139116706217
217484,139878,0.049309202536092174
948660,825117,15.336464006673982
470988,407444,0.6083549240915257
904490,576534,29.10357233829638
858239,617660,15.274450029858171
131584,541838,0.0
178090,197587,0.0003252647895228865
81638,626176,0.00402348753323722
160451,88581,33.11975544504472
893916,366172,0.0
962823,964047,5.76609756652118
380320,418352,0.10705365565026398
680069,279019,0.485188546399211
329721,203088,2240.425947791497
338687,853711,109.29805127526019
665381,226012,0.07068831337410872
806610,172260,61.09554784794679
596439,682351,0.8579522762982398
179421,168040,705.8099592886895
502990,19394,0.1519628855653862
402706,155818,298.4541764626353
101021,515894,0.015623079853036582
173042,481574,26.121032754415907
329918,543648,4.107492039488251
208237,603814,0.8143409453145075
696944,724817,307.9480475004266
763874,697735,79.02636752336653
185706,324421,0.13864863903026053
956839,945506,0.21743202288389724
980278,477242,11.218129205853572
388542,68758,2.6594686588734544
229032,841918,4.904165490542058
889517,500298,3.859585132230757
212644,289302,70.87311651587024
589816,665225,0.6932526035385135
360936,83760,1.8465742716746394
39784,449050,0.011998540285175456
572310,853711,36.663883789257724
278374,746858,0.038985597167205496
848198,858628,0.04991216787152058
931256,530577,104.70233534845276
865855,354754,0.020934857073348148
826268,531167,250.2661759855323
933875,137151,0.1333402787200331
224720,834789,97.30380643001006
109410,993470,0.9204253934958434
862531,810856,11.242317418380015
473629,467336,0.0
645088,892846,27.667435891444423
606750,203088,605.8969322608866
105101,323714,1.4637196261928973
714063,595651,594.5889456296304
994520,94700,19.28099484425041
930068,490812,0.2862778570742143
611929,603814,0.3727431787061768
767243,837231,45.337384338510326
314004,433133,12.599293087836225
160451,88581,33.11975544504472
128643,120514,8.391460027815187
263666,936020,0.43739049095451527
329721,395742,61.30578526571999
500243,166932,0.024636101207350995
956839,209750,0.5106381813241146
495790,137151,0.2599512519500903
97664,175115,266.737052914019
953808,71619,0.5027321788981918
139237,271305,0.39749216802619614
235465,166845,16.17978640839482
345317,960105,0.0037046149185189525
702113,155818,1056.483006544891
936230,720021,4.733317597091336
996946,256944,1.5739214901655434
494923,203088,800.1765350961724
387838,419839,8.834300757964938
57955,882140,0.06680095080266196
9072,968746,2.1449842756240667
189144,849673,5.450498267072608
259412,124092,140.03438757010952
280445,445880,2.762536493640575
614659,860838,1.254068804055212
317525,133305,0.15073422155814756
248522,421230,0.0
208084,707607,293.85819589629324
20501,720021,1.6686437448807492
200749,422993,367.0604595594816
60438,7391,81.72749838258517
239119,531167,273.27388186876533
214829,368515,0.09476506547575488
717621,720471,0.0008380308783615976
16583,161791,131.9094141048246
149845,161791,10.337626982971813
708871,945506,0.12799879465814987
594395,200862,13.22397887238749
962823,266299,0.34973496587465613
783758,244124,0.7335978797826844
456045,926341,13.315110487935689
939571,181501,194.7845624945373
94085,33540,1.2644562850869918
677058,481574,0.5821595216889838
261329,558292,0.45468256539077917
738689,636297,0.16859841527293137
939238,347465,0.0
811101,841332,0.01950687075327493
393955,404332,15.373325249462392
183541,660710,5.547053383896591
583328,955087,17.189979788272748
342670,467336,8.98277196070948
869053,561824,204.81922224352851
759507,59550,2.655889828649311
285752,978372,0.0317921349806255
520152,417999,0.7529516844041214
166096,779403,0.9047185772455371
23413,458201,0.0007885631511556792
863527,124291,0.0037161704822878585
255026,947182,0.06654379365960851
252585,349340,0.13975275674327947
550465,926341,28.619720332927752
676169,817299,0.003613345840175561
714512,11502,10.49377336873456
375550,648994,12.532982594543684
940375,353431,47.22818439211236
946410,493058,21.73850378261614
535656,244124,0.49974271565440886
387838,161791,50.42472970369272
690769,43965,0.16337338715935099
778959,850645,6.391631179808043
878123,941421,0.033416898227711114
930582,161791,3.5785115622561396
32813,442180,12.577625937687845
877034,975724,0.11779721094493986
405415,209750,40.11443555139638
802814,437750,0.061788225972299146
138760,354754,0.24367767340941457
769063,33540,5.527992713850409
369563,308431,0.1237799746167605
863527,55333,0.000522815346864386
229536,695937,0.08548856973103865
553919,298381,0.004558615468182591
307077,173210,0.018726741923354977
891024,209750,8.365078116986725
674371,71619,4.320489279872429
679277,731343,2.2121445916255276
208237,131361,0.4067198181703559
494923,203088,800.1765350961724
670600,510309,0.3223003925882297
87420,322141,4.866788414426442
484907,203088,475.08798826862886
141626,467336,0.0
643349,85370,152.78743077589905
804482,763185,0.005020589448595028
46079,124806,0.17990439366199487
920883,882140,0.13823639408796626
221082,34924,0.022142226127818472
148529,68618,0.10925799891580867
835455,513102,0.1261412530987594
821723,744225,0.04707520933513255
381742,454172,2.066075838658342
84252,419839,0.24303255818492286
674938,165206,0.0022869460531288626
713609,33540,7.120292370492111
35301,569772,1.1043172711629836
323213,943114,0.5014664994415056
320312,231924,0.19029031228722085
406426,742056,0.06793481894080623
54907,279434,9.209767450380399
648669,99737,6.2699133250179315
343297,593407,0.7691469096575727
936489,173210,0.007216707108864749
739689,207572,0.1055980820128453
983454,943000,0.0038737099312907844
328887,11502,30.89402696295067
984969,508732,0.0009571917075153997
415685,175115,226.37280332851668
154611,372792,6.801896761066206e-06
788474,207572,0.9935985749686848
10146,429815,89.0503852142578
5334,911765,0.0
280345,500298,12.731120328893843
198812,697735,31.375767149885544
128643,252330,35.711425811376266
367242,737971,0.07326044280500185
227356,701088,187.79128001227235
962823,689022,0.0
360936,765004,0.835996150772748
825437,845658,84.671134938499
314004,785196,50.82546844301599
983077,710003,2.4494587448517677
956139,124092,13.48022177621948
9797,62959,40.032839444703846
427619,139708,0.36529001457301974
926285,967776,0.09039185651515588
841967,918042,459.9089640359471
956139,156463,1.7149603438737877
983454,117240,1.6540845334049086
197033,593407,7.238795038375251
238350,313852,2.620329840309913
292771,683627,4.711284941825043
590674,284898,0.021660495744544466
652256,120514,16.262591819501154
379529,175115,181.68112177663525
831804,601564,3.0569213694473407
300740,442208,99.17567943929319
781907,239589,5.539751490438295
477165,918042,234.95409890687637
950278,182948,156.33330125599704
72732,276693,0.8216770898107806
734572,357060,0.14122390942794139
541390,134783,5.382600868401224
486723,918042,335.2398844081415
680069,83760,10.450879616556179
300740,617660,51.89913050376605
249741,810277,480.8357053666682
784623,166845,94.55061545285635
255238,407954,11.336605325319445
52933,172970,0.1544823113989926
715340,59550,0.1823656998356561
318613,968423,0.040819028321041194
996946,419839,40.14975144613787
170321,880878,0.26924380698980194
758559,373880,0.003415828531637211
995474,685277,20.293072079111518
950278,111351,228.4635809705241
218312,528099,11.5795501682147
518921,442180,264.84103811259916
445584,202503,0.2233691725504997
641245,154970,0.8403596768517487
962823,964047,5.76609756652118
580763,325752,0.10180556110768672
891017,43041,1.5258258578575339
588774,880878,11.886842324021881
484907,134783,10.346866003541694
102625,417921,39.59371955020215
435858,631627,0.24843231872629923
565019,676985,12.885616207698984
15762,397791,0.29054027942043675
952776,83760,90.36218939919176
321831,841918,20.80401609699317
9797,244124,6.149678186594972
909826,569289,586.2624848057523
702370,230551,4.357267357761382
436879,530577,5.452288086879048
461374,668067,0.026074945443253738
931636,990451,0.022892015804150925
511164,991841,4.331618530912088
552679,580751,0.06884084962733325
896821,181501,233.48004716408667
864274,831838,4.532193648379818
558817,539831,0.021246422981987298
338687,683627,80.0562830646339
68322,807942,8.267572422879967
490549,99737,84.95368198489876
635419,918042,13.374959406499633
784451,353431,45.28374067869735
321831,926341,7.161500933279506
278830,716602,7.399085137674198
781907,239589,5.539751490438295
756469,133019,11.586985220927051
154832,231924,0.039261322149365445
845634,465904,0.03195542007218741
393955,546334,0.0
307836,285685,23.345025840930354
372854,217961,0.051435216360555536
380320,582264,1.7926865707089117
138760,786341,0.042692056495088615
932825,161791,167.8124725423356
475311,392334,0.9813104547734471
908195,680503,0.4878076850988951
119317,974267,17.83679286378446
239119,977491,0.03591775035162418
572310,789786,2.327524144215854
642984,366462,0.00023143558907442704
198599,866793,6.509854661541819
308024,417021,0.2018412426085409
763874,128283,5.284516388081579
514757,22156,0.12704028378160828
858239,34924,0.0638730067491384
97664,200862,13.64565454694878
684086,466274,3.9150485370235963
160451,88581,33.11975544504472
287399,372657,2.3449053845950496e-08
164135,337273,6.744986670193544
143176,880878,2.6667425850544104
145,430087,0.6501479190657252
364412,681692,2.6074353961974
884287,853711,10.14010797436731
216482,71619,3.292628839613115
662733,759621,0.004183926833047884
299012,850104,0.010773011900789576
583351,880878,0.5091873446910599
416958,943498,0.006047488863354146
69792,733553,0.9120953556736626
387456,595651,3.6332359274192587
243896,252933,0.10153224792999899
152991,361613,134.09431901875698
858258,568205,0.0
46049,894544,6.951301038613613
502855,442208,853.646560119706
413862,442208,32.918255907116844
50105,278891,0.13105277346890018
863817,998913,2.873615827163605
490549,422993,84.16549507900694
656748,840981,0.010797829996794897
562020,965622,27.610336259730932
244421,530632,0.03191846421765004
559800,43055,0.533390917394843
549429,853711,368.82281092169234
363327,837094,3.9544609984636896
778959,353431,4.3387052783470725
978744,305866,0.05597026300287762
833290,694628,0.2427950074729343
939571,361613,1180.2292044069886
295282,914322,0.7131821634521258
777692,693469,18.35227243425408
588548,357060,11.71951903366467
536001,814031,0.04211613105508596
321831,690691,2.4086882532412965
764148,969697,0.0
14688,655018,1.0803687110552294
144562,765421,0.0
107122,311506,0.32354587005720836
812593,81663,0.01054835658777646
624871,974267,0.0035343047273838648
674938,817299,0.007239021249927019
110303,442208,10.79989581928665
619310,230551,0.5538355547972037
886976,595651,0.06450007636871444
292231,357060,27.523464890808008
863527,19394,0.21494756075824198
927895,785196,74.65079522397562
175764,845427,0.016064883742839854
888338,176088,32.441732782642326
742254,427016,2.6910349641079114
324446,453949,0.4626608184968705
652256,757587,74.17156721068456
680069,720245,211.5094748094389
784451,111351,106.20085543557764
677025,631627,0.2220644425609407
296676,923116,15.410896050767336
341782,222168,0.10784564981654593
27282,685284,0.09302300223670973
494116,155818,8.175558706296211
447121,528099,0.0798244073213997
510562,230551,9.923092920073705
677984,124092,6.019133159365429
214829,546334,3.2548629347689677
209564,405050,178.87402883638444
726374,912372,0.0004045879886254843
345522,235559,0.007523623901163929
118098,513102,0.46153799156760705
786606,467336,9.328786311420233
17180,913809,27.950659560692067
889399,853711,0.0
846172,155818,86.21083747187586
67558,307791,0.8818687655206072
929711,710589,0.8928348524329789
698431,693469,14.692050760886287
488932,992122,24.542629849070483
541424,154970,2.757869383756819
160531,75840,0.0028678297975863434
168346,481574,41.98355057323159
447968,418786,0.5810874297976553
663510,161791,3.235299356357477
435858,97764,0.34553464978101756
805478,442208,208.94974558514204
551116,676985,0.30922250776136395
792165,467336,0.49547119211955815
30144,250431,0.0
1539,158427,0.6127100369020879
982806,660174,0.004394320199555732
119317,24488,1110.8938715364795
417037,323714,0.11877676183812015
617795,728573,9.33484797231302
213860,579967,0.11084564063766605
783042,528099,2.472161391795548
820043,576534,8.460557894373752
513869,720245,110.48898815363472
292231,720021,31.76025001892415
872280,821099,194.1553335317928
418840,546334,4.3181851421405355
24901,467336,1.36342710526389
945432,887902,0.0035067304374688
243588,121020,0.0011269175389539544
782334,615562,36.70275184326351
961018,282435,41.50925293738989
735011,503267,0.02968476275510151
395918,558616,0.009662000889906706
82245,825117,1.1329630280073788
40167,222168,0.4596661096589622
187469,124092,499.50015052107364
59627,230551,27.48238140118416
173108,658396,0.0006477705938647375
280345,312649,0.7599307710019328
537780,151958,0.4062144954219658
792900,842353,0.4005682834961397
249741,683627,60.3360683610853
109576,681692,0.14486342143102512
994520,62959,41.51478025158027
676547,383272,3.8833201420800068
387456,782278,22.340468095677753
381409,842353,0.3347671262808275
22741,619680,0.0002459291069386149
978528,578968,115.96841024611966
112134,15238,2.380102013871442
916590,19394,1.3788711217061387
200749,652478,746.366508721298
940045,50627,273.1959592576475
457741,82472,3.1459662638899673
999975,337273,60.628667899123656
702113,124092,3538.72634362786
445459,617660,116.93154897261573
560178,347465,71.53631660266264
927331,950005,0.357853825030006
208224,837231,6.859754486499143
183541,268162,7.510286127671722
572310,586320,0.12078876457608402
413789,156463,45.86596687996613
272968,853711,39.43075926223571
580758,579967,0.4610426325868967
971290,15238,1.2561904482596935
428585,134783,20.72074757761848
127409,251377,13.299820413280171
772157,124092,485.98461873227166
300804,493058,12.435425591388466
834971,761992,2.4487105460815473
146170,772796,24.496550014346532
596916,442180,105.83113905204199
694461,833579,0.02754652058890937
687395,357060,0.21356631884591915
226076,546334,0.6233034304953695
878123,50627,3.3083530598822843
198694,397791,101.73079606260372
670600,510309,0.3223003925882297
469180,610393,0.592224022316995
572442,716602,4.330210231200921
237425,62760,0.022276070548456407
999975,765421,1.0765580551716332
826214,124092,1327.2057048492898
351038,682351,3.6261624199628426
708871,358877,1.1916912655303336
893916,464465,0.04448877729543866
202173,531167,90.72089833080528
40167,853711,51.14439660782481
980347,13960,3.9609864824911085
553396,247498,0.2949383564753593
845632,618540,6.387895793365421e-05
386252,979791,0.0030629802409258087
601817,843807,33.76866403205741
204933,27852,0.06021011385176216
578454,231924,0.04587153832957654
983979,79564,3.500122359659728
767217,752391,3.085141415210225
178036,707607,1308.3429584847408
572442,817206,1.1013854737458606
508803,944806,0.47944398516773773
217877,779403,13.86831030166376
860559,378771,10.799541190930123
198694,442208,102.59177671038516
13084,944806,0.7073904589079554
994931,220331,0.275389908823796
489729,629128,1.6279206461399747
564202,429117,25.945433230693382
617317,902478,5.126354359509556
452902,449058,0.7913599664453697
820777,417293,7.494046201360315
784451,707607,436.0233598319324
509937,194983,0.4679758947957426
518921,442180,264.84103811259916
316303,442208,107.48651463372875
583366,322141,0.13261916833671814
500846,404332,141.2577302907893
921349,593896,0.020004832838771004
589816,200991,0.14280342786412054
838702,892846,2.5474325034157603
777914,945506,2.27211608345013
536265,622212,6.680714615504272
617317,481574,0.0
834971,500298,2.3009332819380672
991163,825117,0.19855490340195928
235413,154970,2.2247309468179695
485327,563716,0.0
143176,880878,2.6667425850544104
104494,493058,164.99682411892763
846172,958530,39.003588583749035
183697,419839,9.95790407067399
208237,984203,5.381844215090415
182917,772796,1.2465222080524514
307836,578968,18.620371736120557
21485,697735,16.222732019366095
662733,263311,0.27189805714805254
633800,960493,2.9671882304487123e-06
804583,59550,29.218185921383494
239119,892846,46.960684765502926
387451,341932,1.1350204773826793
365616,68758,0.4269319904607467
173108,530577,2.457260919204821
867717,776827,0.1279725419163817
300740,810856,46.657480835021396
405415,166932,0.5616691739150222
150265,122935,0.45127123377720113
226184,193033,0.061544930896488555
887167,62959,37.066272726586895
533645,936020,13.33846255613049
320505,357060,0.06285554501515843
921500,849673,1.6994688142658099
548221,610392,40.407980509497506
368452,467096,36.630645055475696
363878,230502,0.00018965546089848382
212256,284898,0.03848888804632706
980347,419839,35.07895982363275
943078,974267,14.591917318646757
779163,203088,704.2168789513398
757708,528099,0.012165849332427635
583085,6139,0.055070552275905245
30727,217762,0.014698411440170308
561339,887902,0.0012484859594734275
909495,693469,11.615282104189376
374572,134783,108.56987657203292
884287,134783,132.79221152383286
901815,155818,216.25360281903357
477165,926341,117.73758098322793
721041,292823,8.760653396472279
68322,45981,0.4504984162055166
951876,263311,0.20527581881114595
875919,772796,0.6602108596318125
632109,364227,3.972643430776411
773773,885751,21.305965578603008
956839,11502,4.479920815228946
301337,361613,836.2597500372518
675367,969697,280.44176764086455
145284,379168,0.047023331517309204
858239,222168,0.17086789620153287
102809,132768,0.003587690938661104
136343,707607,15.294887705195851
873129,720021,1.892157218552775
743325,166932,0.054885225297950084
344387,322436,37.681098981845714
280445,361613,292.5333235191741
83556,175115,259.2609234679963
220518,362489,0.17989729658537226
185706,944806,1.0837438818690557
750533,768391,0.28373205091199544
834971,733338,0.823600765387999
107122,33540,4.700649988680014
757708,828986,0.0018624188755286901
879323,417999,0.09223809090105768
185706,85370,116.39661341432645
387838,358492,77.30955784155405
152481,421381,11.481837672057276
435311,530632,0.14069091975291373
385467,890771,0.00046049991836525815
890152,64135,4.370072394749271
909244,838276,0.0
749597,811014,94.37219275165748
833025,299199,0.00023778102423205924
515608,701088,2.054123913729158
194857,449050,3.704293656762974
617795,481574,27.935356501231617
584862,681692,1.0270551606061455
890236,912312,0.22992283105992184
749597,311506,14.077885445204709
217484,121800,0.10318550044185403
546836,68758,10.8688362497634
615851,720245,11.557801306895286
202173,341932,0.35717967856883565
547245,337273,103.72528562915474
130948,648801,2.0601255514836856e-05
24807,494777,0.011883574267944454
819064,22989,0.2809865324333241
499564,706119,1.6082920435602723
310461,531167,1585.1140510442242
676547,982698,4.223890045159451
405415,352427,21.85787030997539
625230,99737,5.2174968823027
308469,510343,0.02826804258214273
609299,203088,2.8973754875437616
51230,817206,2.7543984315603063
227356,361613,118.05057999042619
824555,639983,0.21479800582540648
933875,807942,6.278138934074907
208237,172260,2.476390966000204
782910,855224,0.06944988283888096
510562,22989,0.26585817148172597
917325,768391,0.006199187382891236
425517,508949,1.8981644352597649
223302,513102,0.020453531790390223
233229,543648,4.423415880522687
307077,222168,0.07250667529663539
958627,890120,3.507856812477768
889399,461185,15.896901909110674
749499,767751,6.520077280603187
46049,789786,4.698174284887435
137040,720021,6786.1017464092065
88225,626986,16.954583691538726
788474,207572,0.9935985749686848
120748,944806,0.04632792215092384
455432,280800,33.389309841916265
798629,501406,5.1524331360482245
856725,505424,1.5104217301856915
694461,365434,0.0
569729,947182,0.0054971439795013025
444135,337273,351.1356041173911
619849,915961,0.0
377319,944806,2.457649371332343
550427,720021,3.125126075683054
51230,853711,19.457292012356792
374572,656648,4.757586634339878
12180,34924,0.4879675969679401
150265,660174,0.06478444588065752
227443,166845,2.770945699134823
314004,332403,50.75693918900051
135153,493058,6.245625507616587
91355,71619,7.0080999034274045
301186,361613,1705.8226204238908
195691,853711,34.62551733244714
174752,969697,126.08238500627056
336630,717014,0.2632064432558928
191061,896897,3.852742275712357e-05
602086,955087,1.6077548823364265
992466,610392,4.412892262607877
633398,959822,0.00044814375912278576
655693,419839,82.55614574574886
572310,467336,32.818054387633026
993698,845427,0.8051622243828922
12778,508949,0.19616041907295348
370851,81586,0.21137262429756973
568086,733553,0.08291579155183475
101403,810856,68.25248170417478
400288,127368,0.15045880126832956
202214,176088,18.661932926555057
106743,272463,4.121365894203206
117383,426319,0.007673762183527226
804132,163987,0.10545537858033628
233136,745054,17.124367706491288
103719,595651,1476.0371574764004
857999,205688,78.46449835436214
522992,285685,34.34281518529002
830138,467336,0.0
387451,950993,0.23458560649572777
992466,19394,2.1349869248683233
593103,427016,19.441726170136214
784715,662929,328.63594942469683
125115,357060,0.018650435252290768
523601,327235,23.513549862521334
249667,98678,0.6004527079398815
908195,158535,0.03597151535832493
179421,683627,25.807030486933865
725592,313536,0.23902976216087485
235413,59550,15.834641543612252
385510,560212,134.93536460190296
495692,139045,1.792864470138223e-05
271278,490812,0.09540363655326055
887200,429815,419.7675527551739
169645,343176,13.715847650475041
983674,414172,3.0022146917354737
889399,111351,0.0
729972,361613,1010.7516850946539
980347,197651,0.046697922662353515
213860,356630,0.04689860420120608
685438,918042,844.6500759909616
173042,466431,0.4661675967727946
454428,354754,11.251769446179033
385467,298381,0.01345761620325703
590674,760269,0.1793354287037408
567216,772796,0.9677354088157384
40413,313852,0.1170416901499986
279138,337610,0.00025962709310435237
135153,853711,0.0
143176,878826,11.597187495007326
871393,918042,65.28659347698887
25383,765421,14.908244174197552
779448,467336,10.170318228952723
113887,831838,18.247894247163437
70420,417921,0.0008726458350653052
154186,719321,1.8825546992037585
583085,419839,1.2321700459667273
179421,325135,39.17782733091427
872280,203088,0.0
753692,660124,0.046603551698422375
544870,298381,0.4912059046049577
326381,21244,0.9101905025418464
212644,865987,0.14972451087817593
398903,628744,0.007518780610740206
939109,375031,0.2545077602265413
435858,244124,0.5222303231904551
915822,610392,119.70682442205388
617866,740537,0.18912857712865053
24901,172767,0.13511925808280903
472016,158396,5.456902188637456
117648,85370,689.6560504302653
956139,161470,4.552826952381615
101403,634974,15.01558909377399
921349,600576,2.601815172047421
784623,219307,89.5951074174427
909244,166703,0.02777829967976377
662690,880536,79.7861581299246
275713,974957,1.4312485074905863
674371,865987,0.4830705204163885
550465,30048,0.3068592182751923
987042,956375,34.22767668272516
994374,563793,0.002578897357727804
264895,230551,0.0376116201367028
132271,873407,0.15594254120644946
497095,175115,298.0545974433213
663510,324722,0.0008708600699662868
504078,712748,38.02589145334181
166107,404332,50.02902737602716
580347,467336,26.01356124748188
349749,120514,2.3103998235886998
314971,121308,0.010842056412058904
607890,843062,0.004150677722929098
738689,695522,0.6475186596273365
88833,369424,6.521648065365935
927331,81586,0.4538643969087083
701078,676985,0.03847087089951894
798629,720245,561.6200357578151
98220,940359,0.16543660500376958
12494,169708,5.663335246465566
890236,930630,0.1616800570807372
14468,675314,0.7337916446274946
92970,697735,0.6802866968131975
830138,442180,558.9429187957825
705632,569289,27.64604772628894
857999,569772,2.2922726111606373
534751,853711,81.96414882057046
506480,247498,0.7860451785279279
322877,371227,0.007252685374891767
235452,359220,8.273756509198776
132271,138281,0.21269581672581492
134594,46696,1.0651696371409358
441435,682351,4.203827457334695
558817,528099,0.29186807891964756
15762,189673,0.010846858687620173
687155,823729,0.0338670740793347
531278,830826,0.02056628620687406
145284,790991,0.018113870185854006
954515,845658,434.7034073865018
178036,181501,299.7765560968629
995474,843062,0.02029038146554752
778023,882140,0.506352306496203
700784,606225,41.05441414069674
665381,737971,0.48420297006576485
541390,134783,5.382600868401224
198793,322436,0.2537074864695423
326381,610392,2.7431175276424984
770147,133305,1.6188842847142288
933424,780093,0.0027288806489490355
886557,395742,40.21989941989178
402936,913129,0.5356609751063457
189623,467096,37.745429412466784
74017,482465,8.25852887533519
71369,728573,1.0572896020932434
991436,916093,0.0
583351,161791,29.68440241366688
46049,956375,15.729755315110527
613750,513382,0.03708067987859479
527585,154970,0.2958657510384304
770147,842353,0.3686690198838164
951876,211286,0.17843803580230697
959850,580997,15.38389280833517
837400,809762,0.0043791847655624975
798629,124092,1457.852976688184
508580,442180,368.0324043550478
225106,589953,3.7619737448503074
875987,161791,86.57626763172479
144771,181501,5.385041876526509
476123,197587,4.333612503394415
872098,173540,0.1563855178703275
821622,991841,70.51179762431117
153473,11502,24.01419650813601
819316,923116,2.8190235550404306
485420,653526,0.03180536284335468
749597,968423,1.0463691487226
589816,166845,3.6132201534297845
88536,90870,0.45244339129021555
492335,313852,7.441614291536201
764100,66853,1.2184049667686139
421038,6139,0.3887113391618644
965592,835492,0.0
909173,576534,37.107440360886905
836445,714905,108.52938299327127
72444,119506,0.004850410249351149
454933,19394,1.6629907889452935
498989,158427,6.502605710358215
918090,720245,98.46815591036759
855085,644221,3.089347537525088
875987,755701,0.1365919079122385
425517,419839,10.794897377412552
160199,671635,0.002146686843025814
590674,239589,0.13902714511800138
399905,133019,12.9835592925747
699658,178147,0.02326204416821932
599046,825117,0.07577259472120858
263144,558834,37.49883888452992
940375,359220,119.38137379983317
499932,865987,0.2659932730653577
457220,984203,33.285737825415545
352318,827034,0.6512654189761315
292139,327235,5.123396924261062
718042,918042,114.05585751215557
652344,412048,34.15800024069314
539688,716602,60.131553431025566
569192,657582,0.7293706117333987
589614,776827,0.7382628168383744
792900,550395,0.9242590751841839
653180,342381,8.934466836358405
904490,134783,292.85982396607017
55408,538378,0.40063577329731037
220422,837187,0.0012836596079219748
709535,950005,0.0
417037,392334,0.24707289662096546
88536,742056,0.20393051325622943
12180,600576,12.579023765700722
264058,740213,0.0005478510921670769
23921,689022,0.2500305422415093
339740,885378,0.08833939042554022
594395,134783,67.18150346958508
748640,92270,0.7499928438787956
517910,209750,2.274903792182368
446114,181501,45.47338503376225
705897,430960,0.012789980643280017
67558,395742,30.43667753353425
439346,343176,2.082384497411929
828331,161791,21.088353235949736
892491,200991,0.69101378526525
931169,298381,1.6547515795794188
189623,640865,6.186945817221715
397925,404332,9.229583537021417
956839,731646,0.10242169992051986
36970,660174,0.06174204590769253
106422,559634,0.007502089461473109
141927,618578,0.004471584957652518
391289,955087,3.769815718598895
263666,689582,1.5638429869503192
12180,600576,12.579023765700722
489729,850645,13.303903937426181
789805,652478,16.640698869626043
491298,279434,0.0
572442,337273,45.130996777456055
117648,660710,10.03201707552782
280989,414172,0.333035787942223
328887,90870,4.526458551497898
317525,132660,0.06924860170414249
322417,935585,0.16918321407299994
85151,785196,10.367334246501413
38878,918042,100.10183881816012
731718,232504,0.42904724327659644
607020,107692,0.4505425777599476
403396,618578,0.008972484139756412
920883,354754,0.39704700268753945
98940,366435,0.4182796582725511
229536,212366,0.020796879237969332
12778,975724,0.5303895606760725
509937,998913,0.9858494182773767
784616,3894,6.236696450427857
877276,668467,9.561766265276312
784623,352427,64.97961654500759
632522,742092,0.6296875936719621
400288,222168,0.30167457243182094
382421,209750,0.5985635576935964
669256,442208,114.007697212655
805478,683627,25.535954775938823
199575,850645,22.119793967843183
429368,212366,0.23566318139644987
502855,853711,424.62235486087616
679107,384028,5.490249500140747
55053,895595,0.00044336554184372704
675367,361613,454.25429751668645
672075,429117,117.90094129157342
790888,168040,357.0870058198559
927331,109628,0.11587656501752208
654489,202503,0.23551517178488085
139237,354754,2.0370754199330925
152478,203996,0.2940443794212036
259799,710003,0.13713961140680858
8900,964047,2.72420658922717
920883,660174,0.07202089399802425
55408,682351,0.31764217190526783
314971,720245,100.69747320626901
270111,415782,0.010515769492406483
705632,569289,27.64604772628894
118488,752391,0.18542352507869342
185660,866793,1.855692003357386
72444,890120,0.4669350453313468
30144,712748,520.0889479262627
266071,28920,0.42111371989571234
984969,252161,0.19327715677552834
40167,311561,0.6307035921340816
173042,601908,0.2570520916805733
102901,543819,0.0002037391949045738
390708,845427,1.5508419040540375
30727,20945,0.0029549902414026425
143176,78544,0.024603235266498092
709789,958530,40.645530927989256
160199,390190,0.0015935289791114957
960206,85370,3.15766655430408
161042,962732,17.086329709647163
402769,926341,154.65652862643276
202335,617660,38.16654182639271
642482,246334,0.32443811175782244
519266,63682,116.28926724903421
312559,913809,44.28042196298612
238972,950081,0.07367175760944475
325302,155818,208.75238025841568
267531,964047,22.203362518399576
508406,312649,0.05857604550240631
960206,745054,0.35235846844496393
994931,814246,0.00022342733998990117
820860,839911,3.0527494162016033
32806,940359,8.45722339978307
424504,546334,1.4766394011003185
314004,442180,143.7015904597963
837172,442208,284.73948677137025
393604,453204,0.2786819444902621
224720,95297,423.2276954952537
695893,670344,0.03610817555142163
393955,85370,39.62971380518661
367242,431125,0.0987089367283213
711400,887902,0.014294485354526727
484907,265980,0.018839427113238025
646566,64135,32.26657000676759
102625,24488,3225.820446466713
888088,676985,11.692565962143531
681518,821099,19.589354608609025
749499,230551,6.378360384210386
728367,322436,0.14417632658320242
787676,672235,0.0005925302938386499
978528,429117,83.16963320494342
677025,508949,0.277863062545393
91756,785679,0.0007250938726641183
549525,853711,100.44219140483796
787417,359964,3.319797264278196
923619,270910,0.01966725756302484
400867,528099,0.3541528965876175
737755,957839,0.08971207907295009
74425,589532,5.943572928095594
568086,936020,1.2620117518816727
890113,853711,0.0
235170,569118,2.245721105652796e-06
536265,528099,4.879935304927618
530390,866793,6.868939252497085
977079,313852,0.14750529735269927
389769,875119,0.0
428998,49726,0.0006972619042389446
97664,821099,61.61725157784053
575204,252161,0.060708084477087726
699658,528099,0.23269879160681953
791435,70231,5.343312583042342
846009,85370,48.86900885422886
721150,676985,20.284953192659373
275713,111351,88.29293666066664
194857,412048,36.650625084931214
170550,402992,0.0015442352201234084
723044,417293,13.627796433544162
754834,244124,0.014164178449253374
822352,199701,0.12097365084384443
235170,352075,0.002581617662583726
177443,964047,10.913209240155561
969286,64135,15.998327015176946
987325,181501,401.51279912598017
617846,828819,1.1344137403758758
33121,80605,0.07215332144063104
956839,11502,4.479920815228946
367802,265964,0.048977167104943035
888088,404921,2.552686488919677
520893,384028,26.906716041979372
809698,442180,77.05880799058221
165614,175115,51.74334869007642
736141,831838,2.943210487411512
96798,807942,2.6629867505718363
973459,352427,106.08390522128268
237425,157172,0.00553316949702584
809388,49317,0.003684935523763712
545414,498393,1.9280278507980235
208084,477242,29.22659328704721
994374,701088,0.760826697299634
572310,442180,93.26763862393439
640518,59550,83.53284208592184
83635,637840,0.3803233452750217
144562,173540,0.0
776400,378771,14.497313680441232
16583,528099,4.284463812121538
190904,268162,0.19131134135989114
893916,124092,4.399167747655131
179421,926341,238.8740960113342
701078,110225,0.007171510923748954
202247,467336,184.76247410138123
930675,133019,11.242356948468123
852394,85370,0.0
177443,746858,1.1705922153628003
562020,530577,9.979598958785036
197033,748799,2.7318816765756018
82245,853711,17.141091813821546
500846,359220,72.21245166279405
413789,325135,8.408784153047945
879323,989717,20.045476523761177
202214,779403,31.895694240652833
130226,617660,41.698622686753474
271278,15238,0.0606030637024147
994557,134783,42.69363455272379
227443,120514,0.44408497615946385
85436,166932,0.13926409644782814
430771,40691,104.76521131945223
800567,313852,0.1450960627523802
594595,272463,81.78364165527796
602238,838905,9.344512864309797
808515,706119,23.747443381185093
412878,311506,0.387933807285129
187384,698235,0.04327635178908334
356813,25918,626.1405414922131
984969,80605,0.012898467895419048
416960,252161,1.2174742384411668
40413,419839,0.7700555118233262
502855,936020,22.422942962787925
844831,34924,2.029654151886051
949563,879164,0.36381566059588716
50105,543648,0.7323954729994535
152481,610392,19.15933756276371
434435,785196,13.216815812652875
33464,845427,0.1056588048716859
948668,30376,0.04168085049291753
778579,957303,0.0010772384418576372
961715,161791,0.6540123520580888
873523,352427,3.0101005478104286
578024,353431,2.3888638148945467
304321,853711,146.43476903249302
791435,103828,0.28413833005755945
417654,64135,46.49154879675716
749492,64135,3.7197881227760625
185706,124806,1.572774435665584
350827,277274,0.04499170985442983
51230,634974,15.27875741278834
399905,203088,82.98345881368657
857999,404332,231.87242394138244
33464,303562,0.0038698022012819667
184614,977586,0.23237958845702253
973459,166845,129.8720820411134
377658,668467,13.29252474789461
704863,578968,24.67522793790255
633359,880878,0.8403290574427443
235413,209750,14.5999068809188
465371,372684,0.0011823385183942759
98667,207572,2.1432155589319932
619079,158396,70.25950385619852
233229,768391,0.09313891307004647
845529,63682,3.9422508772628597
322585,693469,23.05594370074625
277054,405050,31.67974346332989
88833,744225,0.29363296577404346
46456,914322,0.5342743703959717
15762,668467,0.05239013063890159
647391,657859,0.19954891585043932
239727,683627,17.9928980103209
501468,879164,0.04730993603978357
642482,209007,1.7899285584829188
3028,209750,3.81633146919247
212710,90870,0.08257381425805851
472016,28920,1.0922708567155186
166292,530577,6.267926375065084
633359,191894,0.5697929404621002
277054,133019,20.319512974170532
835622,197587,0.02114902054555451
423178,667537,0.012285013557566728
259639,974267,1.405344170933011
845634,419839,4.6752176634528055
792165,134783,37.66512343630305
789430,155818,28.20119945334425
277054,343176,16.75052634408664
214829,191894,0.38372425925566017
540926,279434,0.0
857941,706119,0.2245472462247406
764096,821099,77.73815947965474
834971,733338,0.823600765387999
14468,675314,0.7337916446274946
912908,493058,61.367020835448244
853921,172260,0.6855473464492633
164135,337273,6.744986670193544
469062,129281,0.30849259105371285
416960,166932,0.22267886863788874
45937,904169,0.006511311550742017
834376,169708,65.6534594420187
909173,175115,460.5473499578022
920883,660174,0.07202089399802425
965592,930577,0.01378481692280579
406426,950993,0.05943442903059259
103910,7391,4.627606072547196
730687,133305,0.011621045904341348
629573,116583,0.039523977365847035
277054,956375,2.1623056641635925
803618,927649,0.0
275753,390190,0.0006712338315956691
680728,71619,0.031147102467431197
676545,419839,8.06594796899844
821622,665171,40.51120899606293
342670,947232,43.21164087549326
494923,282435,548.1901867121636
6135,493058,14.95366593074056
931169,473976,85.21189135196667
655693,85370,21.456653097452858
492472,64135,0.34675498803646415
364034,842353,6.622601339373206
25155,645622,1.8685159261310458
677058,720245,33.23683475758997
422091,112277,0.00029489722399026163
170550,302845,0.008168672720482866
402769,175115,442.4540275545716
454897,516667,0.05083719288612406
824555,28920,0.6383703918385615
971793,765004,23.527314556034263
292771,124092,1191.272946952468
103538,357600,8.835485569935614
124877,440242,0.01994779602385846
706244,614148,1.0795824824169715
88225,361613,203.70422522452756
699074,541838,0.01574009104212259
459393,251377,3.988215053921244
607890,95297,35.07716380371683
369563,839911,0.8287088367779799
421565,134783,239.39805568798718
72738,9090,3.915239379002893e-08
396793,169708,0.044092447405595064
594595,442180,252.09020999138176
971793,810277,10.093401966921485
445584,124092,191.08519060236537
189623,442208,287.72438360561495
617795,830738,127.26747522768804
896821,576534,28.931137994554216
743325,671604,0.012404084368577473
960206,357600,0.14765304033149473
49050,64135,7.539680727708497
141927,618578,0.004471584957652518
966008,5626,2.4053263648644954e-05
269980,674187,0.0
402769,85370,149.85948621860547
370851,943498,0.0010735983625582578
625230,676985,3.10388742265191
995957,853711,137.4168852955927
539688,707607,523.2467607995145
155813,866793,146.7110281882246
144562,158396,0.0
50241,608480,0.02822450827636349
504523,342381,0.256518920752048
757732,337273,1908.22055636346
548221,282435,170.26313468606517
951876,693469,45.97411246350591
287882,955087,1.9885401705398689
890152,879164,0.39480338779223323
320710,322141,12.64673126081677
638857,369725,0.00022853794097218503
546836,218845,0.04245169871825821
502818,660918,2.7534090072001227
725812,753436,35.19119140448116
865119,332403,211.8798306328677
568086,532822,1.2199839327954716
620868,433133,2.523071897469485
132031,555325,0.12583247513324047
778959,332403,38.28160133137767
33464,750287,0.010064958683676977
382421,270910,0.022724550279488935
638857,845427,0.1009197181607334
687155,158396,2.397662918584322
252634,21244,5.815657266174605
259639,503267,0.005198413227742254
663510,676985,0.05944238780271634
854305,303562,0.014371447227803131
30564,812449,0.006990195017675867
249741,683627,60.3360683610853
204172,347465,52.669343467627634
91419,208721,0.008794518392469506
749492,158396,4.088841752558309
713644,175115,107.29885049565641
196165,358492,0.8543947748985778
411790,220331,0.15676460319589444
929711,337273,24.166061791313943
484907,134783,10.346866003541694
568086,576534,5.731890656007179
889517,516044,5.66493424240287
559248,429117,123.8334413702475
497387,807942,15.981900234157692
341782,633474,0.8586379595534324
294105,546334,29.34398015684202
651183,974267,0.8618638514704375
983674,196949,1.6378866125572025
10146,644221,0.7269798230566817
835455,618674,2.7345761869795164
459818,652478,34.4230391533314
751455,712748,54.493929988933935
269328,567422,0.2318852995133858
499932,892846,16.93494885031412
179421,442208,919.4076863963024
758559,516667,0.004876220407802988
742254,208721,0.1328543281119704
522992,830738,61.46541971260929
518921,962732,16.779986402702917
593103,765421,5.876951434440778
85752,577053,1.1130943458752445
149654,550395,11.55180184336415
965700,475471,1.676461738266924
84439,530632,3.4757642970055573
663510,528099,0.10634301712867361
888300,923116,0.1264793878416733
648669,660918,4.836124960817318
685892,442180,82.5923203706124
877034,263311,0.017821890002464008
196145,442180,622.4807552066283
165117,520816,0.1142967708996843
166694,407954,0.4770624738032933
709789,124092,1551.281018112238
452902,442208,210.7050607186384
49766,880536,0.5978476864606583
90694,978372,1.1494913156558053
582638,978372,6.223805366666264
548221,155818,140.9624711955818
3859,107692,0.03697771479901966
33464,71619,0.12594657671383738
460157,64135,74.21301394554207
239727,567422,24.21259676306084
253537,936020,0.14841607611855923
567216,306419,9.665235416824089
807227,15238,7.771219945801358
614445,731343,0.5350286146111118
690769,172260,0.9671843685176142
541424,465904,0.08551717900746658
677984,222168,0.3951731997671325
103910,858686,0.054362818269978255
617866,175115,4.884105620686138
278830,449058,1.1180722531251561
711678,610392,54.98762037137419
541424,950993,0.3979439763317461
552585,998913,6.574329754223215
59627,322141,21.472817648869334
821622,695522,79.46982654972788
470255,510309,0.43336454610030434
514757,90870,0.5826285642848587
945089,634962,0.0007597569261565311
184614,297030,0.28763025671841175
713609,62959,11.602540247636698
856725,134783,5.840128476843927
914075,205688,343.73646843705654
826214,701088,148.1951444545298
52457,175115,336.1243334925285
952776,361613,0.0
433030,54879,0.17130000970288564
583366,24488,4.7188990426056
528461,866793,12.450606976327169
364034,841918,9.795637050509866
296676,163987,1.1266012132015932
142118,24488,32232.763409198145
180375,122935,4.105419685934555
588774,880878,11.886842324021881
13163,668467,5.597772205916865
399905,103828,0.3544053914832631
319372,397791,409.494377672737
687507,359964,0.4217017591557545
763494,142649,0.0
208084,285685,99.9830286479729
258017,442180,219.76573819543316
803618,668467,54.78322863465315
275579,62959,213.8119192189982
968045,332403,112.44206508884946
483556,805598,0.00043257726223192423
779448,637840,0.12902005630310934
145308,516044,9.536467388649635
939428,18383,0.03681122663402342
252585,194983,0.16809359933381005
305246,156463,102.95682877530237
803618,429815,533.6418186941996
725592,710003,0.13945555736371493
339202,737971,1.2627182349279797
235126,322436,2.816879446297919
28913,13960,0.3102517450230471
364412,681692,2.6074353961974
653180,176088,2.4440852196862934
994374,412048,0.5946312723315439
878123,955087,7.027577825191343
617317,203088,0.0
553396,490812,1.2336857300842314
469487,361613,116.57438244310025
67558,307791,0.8818687655206072
278374,876369,2.4079764602941234
700784,461718,5.144692190712092
623472,175115,584.9995478592472
320710,266291,15.099834216679431
702370,940359,3.6812454262224135
834971,309284,1.4049796102300067
962823,272463,20.42843306897287
142105,619680,0.017195974962348776
100501,807574,0.11542068392900015
18043,858686,1.0085848406714468
294105,923116,7.363100771488669
87420,720245,15.329130254425145
499932,955087,5.921685786116959
940285,172260,6.720288190583391
789805,577053,2.012255570143977
134594,964047,19.683663874441667
500189,389719,0.002968681323237317
526882,878826,9.559876819205162
640827,21244,0.07829058702623007
580763,259282,8.812739917599993
926638,359220,1167.6566347901603
807227,67592,11.27256978436306
280445,203088,181.44214870393782
724664,25918,135.6512732063405
106422,349340,1.6539323231128038
224720,282435,2622.0476742007336
18043,156463,41.4598887771701
308469,539831,0.28497985513458013
523601,203996,69.29072220935961
783758,545918,0.32532879813942867
212710,97764,0.027678168431623597
731718,760269,2.383543876978977
736141,62959,4.471012046291839
694461,365434,0.0
235170,421331,0.05655972435798928
236412,173540,1.8903230952030028
772279,71619,3.6870300964597886
914075,110225,16.148571451596858
5795,268232,0.0007955437403475131
68228,481574,4.117143109343995
17887,15238,0.776774959250581
469215,194983,1.072360520914254
862531,397791,13.093250706545044
680731,161791,147.2160039205696
177443,203088,34.54296771530241
503376,843807,1.2246615032135462
933875,614148,6.134182258418285
241456,13960,7.074671091289633
239727,168040,1795.8766805789112
902967,323714,0.07898394576368241
960230,680503,3.5748742583528026
760280,166932,2.8877519152252793
900354,33540,2.918941359481473
984969,76710,0.008664499814627016
387838,765421,95.27673486828068
225106,567422,4.580653583193322
405415,199666,21.644412584014606
415685,289302,903.3421177270016
802814,528099,7.427419352078315
873017,361613,90.04893623817685
718042,134783,69.19328983675219
190904,384028,2.89504296398129
351902,175115,245.93776634154375
974428,107765,0.12331434752196013
9421,861245,2.6358141319724437e-08
32806,427016,121.36342410663232
52457,219307,12.998434181267772
637061,354754,0.023292845861186233
767243,810856,140.5107648856462
220422,885751,2.3533553810787433
93095,217900,0.0007427642433683615
213799,211286,0.0
505547,837412,18.427326335657575
729324,528099,1.160555811233022
539688,918042,314.65884562939584
835622,695522,7.865475256548523
519934,429815,19.80833870882963
52933,217961,0.12619259832347762
395918,792241,0.09886709267135128
360936,354754,0.5332937109834742
846666,614148,1.0549940411003222
452902,404332,21.72122618322098
517362,707607,243.8482993468307
891512,244124,4.406541957225474
862066,853711,6.876183994828171
461869,701088,8.006891048460446
606750,384028,90.72582111056052
485327,841918,0.7586816752753388
50241,431125,0.0036663845812715994
383577,617660,18.16695581055728
38683,43041,3.723156003459315
593162,453204,2.0952529661144035
90694,219307,16.851546699932413
726374,254605,0.0004079857109084868
983433,467336,8.078864251997329
831804,444328,2.105202275368665
833800,359220,8.813962981046695
402936,617660,55.25573419438576
87420,720245,15.329130254425145
898415,22989,0.0057660825397324806
983979,614148,1.4041524708525026
804583,143052,2.8859676235265423
916590,250431,0.6514624544198254
782910,134242,0.0028596535109080643
472734,453204,5.697558294484395
72444,324722,0.019110309259816667
614445,693469,4.513489271581942
943078,266516,1.6900381965050875
980347,945506,2.3433721162216825
257737,828986,0.3029139845751302
984969,62959,0.13815251628413294
336630,7391,1.3358381177179264
943753,701088,5.831527436535078
240589,134783,271.17067118167654
68739,178147,0.09135335946434603
933875,821099,16.513754565652526
639932,175115,93.85041250674817
394479,442180,217.5860969728118
462373,407954,0.9673566314661093
909495,617660,2.5892602071094295
949563,731343,3.6006349499416532
377863,762154,2.6777101659013935e-06
385467,38684,0.004788778812275219
170321,608480,0.2917814969415619
900354,926341,127.03360846113722
778959,712748,33.13994059008681
560178,282435,2218.8901601015737
820777,878826,35.40693923139634
960673,265964,0.20000289986849815
886454,812449,0.0035425609783158386
562020,965622,27.610336259730932
377319,419839,1.658434687333492
675367,366172,4.756917028193762
387838,567422,3.1217572826828377
767217,113347,0.15833018204815621
560009,706932,0.09304945041152755
654187,950005,0.19519928046201318
290643,416657,0.2525928035115978
386404,853711,30.32514886852999
55053,975724,2.13798494735797
365616,212366,0.010714680702613394
640322,737971,1.8128321855001974
573417,789786,87.07981487648232
709789,569289,90.45041337763038
946410,926341,25.988604496329277
229999,322141,11.066473232908038
940375,689582,38.44116424977601
198599,306419,73.15706207066388
981277,530632,0.046888059586329175
36420,349340,1.7355461397902185
24901,352427,2.196439370484997
409386,181501,666.6815633370896
412878,930630,3.0574496578290233
112134,289302,150.70310875802917
675367,156463,89.24412508869423
975124,46820,0.001575175876463482
216482,631627,1.5049183180441197
144562,577053,439.4083516840061
254511,828986,0.3979700782857415
960230,138281,1.0266563615937314
380320,930577,0.04488559394800791
213860,579967,0.11084564063766605
383236,914322,2.780595089644578
905328,544583,0.17667449464630808
21793,54879,0.06482328462047493
322250,149616,0.9341989376795109
798855,297030,0.5496232599378637
835622,138281,0.6989745209570241
393955,978372,0.0
865822,417921,0.4397207940608141
616467,516044,0.2198603142386783
703680,46897,8.815532059121358
550465,453204,5.765832692645169
654489,357600,14.815310348096707
991074,853711,5.750403820263359
632109,268162,62.2700670417878
596439,737971,0.035356282665947765
865119,689022,146.6043861529312
253537,947232,1.1217003935500964
83635,59550,6.392489084444296
769063,834789,1.3213459914723036
517362,342381,9.820386992644863
49766,64135,14.046787608546191
980278,85370,0.0
511970,722609,2.36135692596842
24356,11502,32.66488858627462
368452,810856,16.837233070985725
656073,580997,125.28643443613174
310461,589532,20.26282476508695
367563,659843,0.012255721763509059
391289,285685,17.390718984006877
976972,303562,0.023501539842392873
510457,175115,400.61362072050144
376613,384028,504.4813197684689
789430,785196,2.6880189824651355
226076,407444,5.194493703821189
755948,561941,0.006081995308511525
511164,467336,26.462862237612764
151062,720021,33.54332381466256
170321,166932,0.052644205474367156
508816,683627,0.0
738689,892846,7.717082300263991
144771,244124,22.855656065423023
881238,176088,1.343950529343306
803238,977784,0.5438580525091312
539688,63682,40.43854230522321
680396,219307,14.951114867257434
930068,882140,1.8478098661922229
212644,432427,0.02314714927441788
900354,419839,42.05593031741917
639932,845427,0.6241262208219047
216482,39515,0.14649603344969134
550269,181501,34.985472134501094
132590,543819,0.003983924228813002
481517,516044,1.644717522882498
798855,866793,6.048191935570873
75683,24488,2.5968034656301286
135234,898797,0.9411401298353179
12778,577464,0.004978241437307015
727821,356630,0.026014893162850196
469215,107692,0.3593080818055923
820860,598237,0.17605014734465
142230,837094,10.753494689053746
715340,735702,0.0017125180549319038
39732,944806,14.203031038651496
681518,843807,3.012632083429912
277770,714905,59.713975703235285
396606,24488,3.072489935586883
834376,133019,58.24865092200952
504523,453204,0.14800412174466177
544870,912372,0.12065829037592317
828735,501406,2.1000899051149187
196095,662929,15.397338145777583
342670,577053,56.28646137504626
560009,825117,2.3114588365915782
101403,714905,49.35904173266556
892315,176088,7.834332164572938
951876,784421,0.41401242426445417
909244,209750,1.1047188291453909
900119,85370,0.0
584862,158396,1.213392539214747
687395,524197,2.494953995656462
609299,942223,0.20056668464278393
249741,546334,0.0
32806,539609,4.570352552136143
978528,683627,38.01059661472257
459818,66853,12.77739133840065
837613,465904,0.034066729312279595
749499,639983,0.16589016257532374
950407,656648,0.9304198703438731
735011,64135,52.84040491888497
779381,467336,9.74277057393604
647391,795954,0.04409016990440677
293697,68618,8.273554733001102
584862,809762,0.03880508338721412
984356,885763,0.0027310624546888246
786116,175115,517.7062275578667
103538,298381,1.6095412490438235
72474,259282,3.5472652905347255
500189,902478,0.19888322208820075
229536,107765,0.2399562422831474
226089,508949,0.8520126256861681
725812,972871,0.26311289495911666
767217,175115,6458.314567225909
968045,442180,826.5960010316954
444135,181501,135.05226471757163
633359,301921,0.030954167815322755
634006,156463,114.99862917280217
520152,322436,2.879746330906877
275713,493058,54.19891027038892
879323,945506,3.8225665276657934
275579,828007,112.04913717082769
607020,178147,0.74560309336561
322250,772796,1.2983084373923
492335,539609,11.059175455044414
226184,347465,2.0646531387649394
898415,389719,0.0019087433189435216
105101,246334,0.1105370133212896
204933,161470,14.358361715743042
939238,603814,0.00036183545919083387
68690,683627,2.179602208273232
133694,88581,33.22334437682144
316303,285685,136.85430835179548
87420,257446,0.4828020115001476
136343,2864,0.010626410427714983
402769,697735,448.8242420196038
953413,247498,0.004119035868093222
627954,203088,92.41472313348554
856942,30048,0.0059661436689336135
931636,546334,8.207226119417497
711678,337273,216.41628518004228
441435,311506,0.6370495859239712
475415,73778,0.245480964865545
858239,39515,0.00664544972379446
881980,369424,11.883416959533589
567216,430087,0.34233130979797605
596916,168040,306.0612126658604
18043,712748,107.57914403101265
525419,493058,45.394555499162884
110476,506071,0.08071958035011886
991074,193572,0.6507585013186982
278374,94700,2.4259819017993602
308469,943114,1.3903072758517951
555524,665463,4.259126519155874
878123,508949,0.32097026071184537
285752,158396,0.6720422026304278
462373,155818,48.17967654796543
809388,880536,0.0004967337256330107
513869,731646,0.23419267390047283
377658,689582,5.648556172546631
864274,417999,1.0772485624999737
351038,682351,3.6261624199628426
67558,957839,30.135985489852445
968045,429815,2245.5109780048388
830138,807942,18.139322858530335
824555,622212,5.815517540775599
21488,332403,113.52635790582785
601148,671604,0.0024747018518657764
140616,528099,0.25843845211926064
183697,161791,25.905963064388303
200909,728573,5.546027368190675
932825,776827,0.6664610910854464
443018,652478,9.928214808331107
698431,323363,0.22608517443763643
147687,894544,8.124970260363405
304970,618507,35.58606192052049
891512,543648,4.23411550941118
825437,561824,18.21603596721999
534751,515741,1.0686721600758993
964784,231924,0.12697930480382993
411817,398431,0.0019127605996154655
1539,341932,0.9447965347350739
600619,799335,0.002089260165638903
183735,974957,1.0047336081744171
519266,831838,38.16759619887285
459124,698235,0.007140014815050199
653727,788259,0.00016554586947681543
114939,289302,40.688514045835326
219737,733338,0.3688000811123195
584862,901795,1.7863076563127258
983433,505424,5.177202157113753
138166,684955,0.6843980876273187
583328,880878,2.629990415825398
555976,361613,51.20161767844525
749597,311506,14.077885445204709
456045,111351,25.380957073818312
363327,481574,0.0
396793,30048,1.8453725378627979
540742,361613,829.2027322699844
902967,501522,0.00040452767520831245
255026,132660,0.33573937709500523
33121,80605,0.07215332144063104
328648,173210,0.03895567813323119
607020,449050,1.9462128576286324
68228,268162,0.47965297927466777
358531,890120,23.280109523333945
788474,276204,0.2442973929312567
596456,665463,22.253248359437084
500785,539831,0.18006022042535802
307077,853711,10.343012536138637
897590,878826,4.899752745766235
290858,343176,79.06808646671803
200909,830738,0.0
656056,941421,0.027332011562968016
100501,785400,0.6456733260009603
738728,498393,9.696386112295217
640827,301921,0.011493798938465095
5334,325135,6.085182235840493
149710,46897,2.8274657111116865
237818,736860,19.67141391109669
26577,228054,7.410765631197313
749519,168040,17.75994437091527
826268,426874,6.330177101612407
455432,866793,2.506390637018159
235452,196581,0.044520375390233506
494923,467336,46.956372002986875
406426,289302,13.861703012585503
856942,708270,1.619872688280548e-06
873129,13960,0.20763625456536286
956139,134783,1.8571681082918878
677984,124092,6.019133159365429
748398,325011,0.289362697091108
606750,634974,28.82520624940573
665381,417921,0.2270843019919153
751455,272463,21.759872638240495
73080,765004,121.36384301271308
98012,498393,1.4180311666195926
455432,720245,42.55460764455957
303118,308431,0.04393427893171158
60438,464465,0.7343750006623981
502855,48739,17.781766410448714
681584,322141,0.9329408171326538
662690,425848,0.05212332303674967
742254,681692,0.9361824348389696
302297,799263,0.08582061793217254
164135,76710,0.0949784486034686
295548,62959,3.6221413889510106
49050,121800,0.07115937713781445
46049,546613,1.8045359544877173
330908,429117,13.959267432985026
200909,546334,0.08474920345804135
801034,581871,0.6651352611322523
716303,950993,0.4070184495449749
751813,337273,0.0
790396,742056,0.008174801236619513
192054,429117,92.15891853270635
626453,368515,26.05850411608614
288324,558292,0.007184086236801668
584565,652478,153.75995927188148
198812,289302,37.71174919224256
363327,343176,15.209547417423893
176789,753400,0.7209916060399859
379529,48739,1.840621220557405
529359,95297,182.28480790444942
951876,543819,0.05721460649441591
428286,59550,44.01367320069703
952776,662929,0.0
444135,353431,29.350572641902446
888338,964047,33.08982280767394
30727,217762,0.014698411440170308
691588,427016,3.6506688745826517
655693,849673,4.192866316557467
263244,826122,0.00238534676009517
119426,853711,516.302522016357
912908,676985,3.660350756709291
812593,235165,0.00022039786934141618
40056,158427,0.1530790153120694
303215,998913,4.868674033752339
195074,419839,0.0627749317309657
871393,203088,253.9049413091199
406426,64135,3.488976343232101
527585,352427,3.0272178246030474
468051,693469,21.129064593225742
299012,79564,2.1351946333167224
826214,845658,0.0
771079,880536,0.11651397345509737
501724,430087,0.30861461935197537
522694,516044,20.852152441980646
766406,956375,6.626615871911891
652162,731343,0.33495024736508106
42287,59550,14.72893124107751
723328,257446,0.10963524710398125
521751,417021,0.2425026660914697
356813,565101,2.8454966295754662
711678,707607,278.81562803029993
843911,337273,320.9306706647938
65347,998913,4.239450804600015
768985,85370,0.0
927322,397791,134.52158677417341
514757,172260,0.8492748943078617
904490,85370,0.0
29341,850645,190.97698773329233
255026,880878,1.9009922165668676
189623,206481,0.9546656292552398
783758,870565,0.19868267849765314
146170,404332,77.79435383766652
492335,530632,6.124170311083583
151121,494777,0.0
718042,282435,115.48458882491138
198916,175115,49.13592620328124
731718,68618,1.9902554176063925
596580,672708,0.36022711569878807
751813,332403,185.98387646957096
200749,283094,117.42324389712597
826214,668467,21.964698577456513
798629,947232,86.22341615223266
483900,212366,0.04938845294737789
694983,690691,0.1412705509143369
5795,603814,0.12011653639916485
103652,841918,1.7557779628660668
662733,419839,0.5318505814493747
909826,926341,543.8337586331336
716303,244124,1.4780236487399305
758559,124607,2.96933290851328e-05
272515,124092,618.9131059405444
809698,357600,0.7383671701568555
32513,498393,5.924422503508033
17887,378771,30.758503706675846
529359,412048,4.641738815950433
446114,124092,726.8945205904845
360729,681692,2.238658157405001
691588,657582,0.6212035061172558
726374,682351,1.1501206193704678
522150,639983,0.006864653182288036
495790,176088,8.629037707243926
698971,191894,4.4982947025606395
845632,913129,0.00016075072366305836
46098,896302,0.005079599120967417
996946,256944,1.5739214901655434
275713,550395,152.09157583359078
428998,608480,0.34883587825583834
555699,251377,0.8443552611271624
777468,45127,2.4504822634682197
312559,362489,0.8278272361354296
790396,112419,0.00022744043840011382
764143,914322,0.11641587300880324
174752,85370,11.402828566251351
398903,161791,405.9415266603158
104494,962732,144.25592007027308
454013,535885,0.0475715983556107
790825,159780,0.04524235042329648
182339,643049,0.0050196866138264955
596916,357060,1.7027366755692395
382421,231924,0.6097764599687717
292139,289302,308.5753720149917
893916,924533,0.004856164945008263
535801,332403,27.250885304278384
784451,359220,133.47886533300465
187469,660710,1.487852213654411
351902,181501,32.045702204906334
476123,25918,133.60875008607835
117648,467336,3.160740291343426
508580,728573,8.188798831319207
46079,528099,1.6855046013693538
680731,618674,4.095274525126424
263144,197587,1.7125547797574343
456096,454172,0.9838950805444449
434435,43055,7.480099057657007
930582,491725,0.00025152503688090247
469180,342381,8.733163615113844
723328,307791,0.0024337345002100994
101021,682351,20.92621664631688
177443,464465,2.466898139653808
104494,366172,54.43249536666383
932825,417921,0.9985921981935514
921349,918042,0.3276729030310667
5334,375031,0.9173877909359581
360679,765004,32.63037958119624
889517,159780,0.20452586202750747
792165,617660,0.0
742254,64135,3.5647494991162243
295282,245332,0.02026070212299668
548651,175115,263.56285405404407
325302,996452,6.364967502777101
220422,898797,0.04792520472117119
582638,87843,2.9601253065793647
781590,34924,0.06579855520242611
781590,192063,0.004644295152025179
881980,797471,2.0837747597413303
519266,63682,116.28926724903421
917331,842353,50.58455318927848
338199,616925,13.461681885654283
536587,199666,0.002191371200889267
674938,127368,0.055032413066744536
826214,285685,97.55841525386049
685281,306419,0.8683159502552591
145845,357060,0.8821328086869978
555699,175115,109.36178978105217
846666,913809,6.833654764322828
458072,68758,106.42391372900487
504523,134783,0.26965841630323334
398335,493427,0.03046982697306405
166292,558292,2.692522888956577
550465,481574,1.5289805311790279
197548,354754,0.017767584595922085
179421,810277,39.41376218147549
889399,156463,170.67611378859038
853921,103828,0.03415086045270057
157559,272463,0.9423215267208486
945432,720021,0.35925460005629617
803618,347465,34.84956589296458
416958,701088,33.779044522054186
162306,303318,0.013477479993517652
774992,354754,3.4124424659923553
109576,943114,0.08816777661628687
887152,111351,15.423130916702704
25050,998913,2.00427572848206
994557,332403,79.10922089038202
454897,865987,0.17051555289869158
767243,419839,0.0
834376,124092,2958.9629952832065
154186,209750,0.161771179306546
322585,323714,0.6575620840224545
629329,442180,7.425120215830652
641245,845427,1.2854383680316313
728367,419839,0.27225323452386374
635419,481574,274.58295566444707
302297,359964,0.22304908753944522
897835,902478,41.454898431488154
593548,984203,10.299351662828373
128643,617660,0.0
278830,342381,9.018683518530016
32820,556622,2.3850341568862645
873729,926341,9.845120317135772
347609,30376,0.6463687517972158
617866,984203,0.8157632431597626
594395,577053,17.12310242373892
889399,111351,0.0
237818,887902,0.6159073755784903
280445,853711,140.55741690894612
504578,647752,0.0019079152397201312
873729,742092,0.9621103864060294
434435,175115,84.05263655868718
152481,834789,15.650051793567188
199187,161791,2.215088774609838
930675,464465,5.048836220638378
773773,765004,16.26800648852418
840888,760269,0.02869985917243865
144562,30048,0.21475600192763963
831962,549883,1.0234738168645747
162330,674816,19.30696633695169
508803,671460,0.0008156305261502469
627954,111351,8.509330144657186
789805,577053,2.012255570143977
820860,70926,0.2717707430054497
194721,76655,0.9824969028578893
194857,693469,18.405743341416056
566734,379168,0.0010147592286159758
715340,923116,0.10780805086323188
218312,505424,11.848264180834478
296676,923116,15.410896050767336
166694,892986,1.2516694470783387e-05
402936,134783,58.231365720849276
253522,720245,145.1378983814179
447968,640643,16.765322285123453
288324,112251,3.906462702963482e-06
80991,530577,14.614645253388995
413862,176088,2.5656490440481936
384852,930630,2.350801786255293
115791,530577,2.3462437804968848
196767,219307,465.7787553476015
713644,712748,174.53520172449845
306906,968423,0.09367007444977739
102809,230551,0.8037214976990547
96798,695522,4.944432783330988
947148,378771,405.30473774618844
914527,218845,0.03437283069077
415534,141278,0.0019620750036869914
545414,161791,32.519199974256765
849071,569289,173.2254284503395
757708,828986,0.0018624188755286901
9797,539831,2.295039126531649
633800,708918,2.436102389377246e-05
846009,85370,48.86900885422886
326381,429815,1477.9485394040914
303215,695937,0.8782269032931047
960673,751476,1.0676233919240707
255026,680971,0.4641049831616907
563940,357060,0.2199146996285108
779163,182948,81.18193746678625
208084,378771,87.14846945708247
106743,21244,0.22231062401088691
28913,107765,0.28802738403380024
13713,419839,31.051860485612526
290643,359964,0.5192536871545527
500846,785196,50.576420178828926
875919,772796,0.6602108596318125
824555,825117,1.7117716556724298
573417,337273,1573.3501758490781
432054,589532,1.3669396692124276
411093,332403,210.52190956435317
727337,382847,6.625485289275654
528461,454172,28.75362425163105
791435,698415,26.98500697729424
679489,444328,24.178699285708298
183735,578968,101.89123945035007
619310,337599,0.1962803236614514
633359,191894,0.5697929404621002
959850,922019,0.7971553580879609
723044,589905,0.05961915322959383
454428,278805,6.700221640956067
455432,95439,0.16771341798406905
495790,879164,7.272060407883247
700784,477242,68.86109154071242
860559,481574,299.67481345329185
233713,442208,75.39592098514942
208084,998913,16.448201024879655
791435,70231,5.343312583042342
937704,941421,0.3858464653221003
240824,636297,47.64415547543739
189623,467096,37.745429412466784
773773,311506,2.275874871730484
216482,631627,1.5049183180441197
930582,682351,0.8228609908773761
508803,519863,0.060878090301304436
522150,831838,0.1911169787275919
731718,366462,0.007406176557665811
479968,797981,0.00637832409202995
208084,593896,28.0763701754454
492472,842438,1.8829948399005277e-05
322250,490313,0.06889287451417901
50945,289302,271.15123943296743
376613,853711,113.80722996370861
46049,728573,12.423067547198553
288123,191894,0.10217227274666421
941366,615562,2.1675537272119882
573417,984203,165.65437439489318
456045,368515,2.480717097371223
153473,337599,0.7764796010484253
98667,998913,6.730884512999346
617846,852932,0.18088981517940092
537780,735779,3.8958657600780358
10243,992122,1.7286788882273603
233713,366172,4.7554132708824595
434435,821099,15.23319291301461
510562,230551,9.923092920073705
193676,158396,0.6839818195983586
120748,660174,0.0063030083522441285
900354,442180,327.0435995473126
220422,582264,1.9952961167873362
517910,546334,1.799324043277669
178381,412048,54.899695348594925
217877,138281,1.8177336500794983
160817,33540,7.729414071340058
839495,975724,0.7265618191349984
255620,124092,159.8560302684789
772157,7391,231.03275305289017
187469,6139,1.176811095922082
374927,653526,0.00087086651536143
475311,124092,16.16118666524929
208084,285685,99.9830286479729
60438,282435,1388.3621500483257
280445,918042,152.53864565052453
144771,205688,159.0430021747598
961018,785196,2.2445645593406023
954515,877336,93.6405023959691
416958,662929,6.838268291558849
634006,926341,55.729131353782435
936230,560212,0.021028063984550857
318384,713381,0.7708581194172569
443869,491725,0.048606083309959004
600619,481574,11.582818653109934
834971,64135,11.585976583886355
831804,151958,0.0588639640996632
87432,876369,10.79679552176874
264895,569289,0.3275549898235177
968045,442180,826.5960010316954
54907,652915,0.0
926602,665162,2.5258938408103084
533645,975724,10.826094869819078
293697,955087,33.696653786928195
888300,845427,0.03082482959927825
400867,217961,0.018791352269062207
430499,280800,54.890419806274906
10146,799335,0.23134110243607428
981277,964047,0.5689251449921944
23921,936020,0.14450886019448916
949563,681692,6.948681076863057
61112,633474,5.3824902759686335
265728,30895,0.14450418920777283
681518,918042,45.46219949478212
430499,681692,2.884035848614954
778023,680503,0.6055430179936583
14688,959059,3.3531573640284473
40242,59550,0.009036033103102576
617846,892846,123.45014321096059
361097,626176,0.03301029293790336
767676,531167,2.152951465211561
528461,710003,28.070402032248076
422091,151958,0.0008256440167562337
749597,203088,1897.1745596714597
47560,378771,4.7469462664114115
780239,200862,3.5609073086041994
470255,694161,0.03800984959516592
974428,532822,0.20848061406651194
448151,638106,0.00031513928184568284
857999,85370,165.58602533444397
364412,576469,0.024204376136593295
475415,73355,0.0012765119922275561
607890,124806,0.29271458079646356
736141,407954,1.479751649244764
184614,964047,4.880272543524855
990076,458201,0.2203703844281063
504523,453949,0.19683414861667844
592059,835492,0.0006319269137186826
235452,556507,0.10218425738562588
143176,782278,3.292925677192042
44162,807530,17.63739780331498
368452,810856,16.837233070985725
517910,429117,5.994338679500507
425980,21244,0.17110401552540155
98012,736860,2.9012249842791284
257737,322436,0.9483744698286983
352318,369424,1.4171132085985934
492472,579967,0.01353178056775999
945432,132660,0.008187171616828772
518921,323714,3.1444542449137725
208530,247498,0.009558045941619901
522694,366435,1.0113033686485604
119426,203088,0.0
374572,467336,21.263533420042425
154142,90008,17.995049193841837
838520,676985,3.142021491845335
468370,357060,10.27289808374243
277054,343176,16.75052634408664
975852,467096,34.982212761014885
331478,166845,8.509439143960396
810801,313852,0.9306318588065438
969286,626176,0.09682053889097395
779845,817299,0.0032516045387982174
149050,882140,1.0257708579206946
971793,918042,54.71205439213185
45937,23763,0.04501499149146862
235170,569118,2.245721105652796e-06
881238,271305,1.4744212684863742
640322,43055,3.7427935927315104
460157,991841,2.736646425713644
162330,947232,10.723780610013785
160817,923116,15.475736443520834
501468,809910,0.0009624075669981195
725812,710003,108.11221611940168
212425,799335,0.0192799429375077
85752,710003,0.7675339407522739
618019,94700,10.419453205191607
941366,161791,86.69745380651345
980347,143052,3.5993081489432113
90148,46820,0.11766858998867323
68322,442208,24.032117687327244
876906,95439,0.719836922972245
909495,693469,11.615282104189376
393955,437502,0.0115846916317852
916590,467336,7.72070889762301
59627,676985,27.685299657538522
154714,956375,4.220812297390245
561339,305861,0.0005336191114136596
742254,814031,2.364407111843809
937704,913809,147.54434549151026
348868,639521,6.089506981106133e-06
98667,512894,0.2898329084593584
381520,955087,0.004802928057148263
90148,359964,2.330880684275701
147716,555325,0.3067492321661996
28913,528099,2.787037368156908
43130,404332,4.733696757117932
411817,710589,0.06297263928968767
747027,878826,0.7084328448811184
290643,695937,0.2535512319123223
859160,965622,1.3328594056174987
67558,530577,63.571432047849754
705632,817206,1.6126178226568146
173252,358877,0.015180574336307887
540742,610392,48.20936396153514
301337,203088,0.0
749499,244124,1.8829930419882868
264058,64135,10.287882225639468
971793,354754,14.037422384428696
564398,407954,2.288705401207926
890152,342381,1.3946339500442917
383236,412048,13.411893434287807
324193,582264,0.21907914240580767
513326,66853,3.3585371937886883
672617,580528,0.025966047680514446
784451,419839,34.86703432358449
583085,642163,0.011740444703860644
858927,789786,4.416639821637727
834313,701088,8.11787827634149
527866,593407,1.5632036603552757
515608,354754,0.134357284014522
195691,378771,28.18812409928299
423178,528099,5.173713553904214
940045,880536,57.50781757437567
552585,998913,6.574329754223215
149710,124092,673.6267062533975
266071,247498,0.05617773823440786
820043,87843,0.32124812156715554
258017,683627,0.0
411093,550395,70.48428455069075
501724,318504,0.4429918768367118
580347,110225,15.288054948831354
883476,384028,4.952191717791835
498989,43055,24.222762046606995
166096,643049,0.3009606170625919
350287,173500,0.49119925487845045
665978,812449,0.27662618108298476
980278,203088,33.15545383488821
16154,961450,22.71913447606729
113887,722025,0.28863795844799967
689551,830738,975.8518819821196
411093,561824,30.58592431515665
369563,828007,2.601036548565366
852394,467336,0.0
240824,282435,438.85870313374147
33893,475187,0.0
763874,11502,17.381423384431805
950407,45981,0.12378942102745104
456045,429815,87.90426612754275
69792,482465,1.2597114189796115
476123,753600,176.07999780789365
779163,712748,196.30350119299567
485906,545860,0.02272350653531676
877276,765004,66.73827509447965
299012,109628,0.21826725710688666
98940,24488,500.98575563480483
29847,65027,0.01831120897120678
416960,138281,0.2458388000390073
548544,149835,7.874372350545406
626591,689022,0.0
674728,993433,0.01136821348424364
607020,107692,0.4505425777599476
224720,834789,97.30380643001006
349749,688024,0.9550499580608486
617795,697735,0.0
515608,710589,0.0356274187702235
69175,39515,0.039186546043215344
128643,617660,0.0
452902,134783,33.74544904921538
890113,697735,0.0
292771,46897,8.48706067080124
757708,839768,0.11418804834126149
763494,638106,0.00630877990284719
500785,803231,2.4571095270978832e-05
863817,427016,36.68916743509896
983003,668467,19.32223744941755
522694,864429,0.9199247982406049
43101,662929,39.54280279497733
517362,332403,145.06362930557498
534751,59550,25.161398759046918
594395,113347,0.15573925462324995
929711,950993,0.21061696594191828
255026,244124,1.9804551277815878
287882,298381,0.08055262340171354
280445,577053,22.397588810758585
648669,357060,1.2276383693215955
550427,195861,0.24075473118432403
645071,676985,8.009384656628052
453432,288799,3.7494259369580233e-05
803238,235165,0.023864130621448543
165614,134783,6.136025311872994
887152,429815,164.75358687382393
216482,838773,0.11051412213676051
425517,516044,4.356857908887416
860559,449058,0.9888777090242779
285752,837231,0.14150446673364592
641770,2518,1.0199402243856253
109353,168040,3160.377683969966
834376,660710,16.94107896373748
32806,652478,58.847295452437834
235413,244124,9.827047645552492
485327,276204,0.10444785790391986
367563,680971,0.06029723330246824
100501,494777,0.4066768334376717
696596,205688,210.0030617155776
583085,121996,0.0027284088772552865
847991,71619,0.08803276458266118
117648,209750,35.26654649840759
439902,544583,0.35822011074196014
377319,593407,8.572397620536563
198694,282435,28.689222369917502
463435,944806,0.10303448801501729
272968,168040,0.0
172715,779403,0.0
144919,419839,1.3992536467995969
782910,644221,0.18075561839313856
185660,841918,4.399486603669179
539162,22967,0.0015509479710768114
454428,134783,77.04948650809251
952776,85370,0.0
629589,440242,0.1427243707983034
274429,313852,0.5248662297441388
295282,972871,0.005042183761435147
277770,493058,64.66194851294452
118098,141278,0.0030140830499903425
425517,831838,6.75791333787788
285752,191805,0.046972841962269966
86582,70231,4.633810538627162
391445,918042,0.0
817147,746858,0.3769545620969645
417654,875119,0.12643655218901162
553396,356630,0.4524048865982058
974428,64135,3.192480919832363
239119,50627,12.283347422832893
827354,231924,1.571417444725565
926638,672373,0.39409587263522217
485420,890771,0.14346396220959126
217877,926341,26.144811351548814
854305,303562,0.014371447227803131
589745,695073,0.0010903386310474525
611037,767751,0.49611750381411385
508803,341932,0.3271793399004787
343297,244124,0.07272274238107809
560178,845658,908.7940563572141
364315,924533,145.70969853597913
672617,62959,4.087150402890481
447121,545860,0.006069073209215727
723044,230551,25.06528807104294
473629,831838,145.70410639345164
46079,586320,0.038768438683161904
842403,618540,0.07562054644582065
184614,945506,1.7911020580156334
536265,913809,20.0742441093249
812593,681692,0.6127501729931287
263666,181501,8.600530944438812
615851,956375,16.28016312100571
677058,64135,60.58365009187487
849071,918042,481.6898504070924
555524,257446,0.5018483391212979
588548,530577,13.776493520640718
875987,432302,0.01181662903458578
826214,442180,300.4923828122844
270111,217762,0.006348077733073448
620114,528099,7.175813211409066
983003,668467,19.32223744941755
307066,155818,27.50833813212129
623472,15238,2.8920150171131747
887152,278805,4.363604891213736
517362,155818,285.22152547251187
687395,138281,0.020982281626010523
329721,219307,206.55043444596052
326381,685277,1.339066263543983
714512,892846,21.886475092377843
266071,24488,53.151793311387124
956532,24488,65.06308996373085
112134,322436,2.128460851054789
519861,442180,463.62922686345195
74832,866793,0.8318304334409776
975124,244124,9.322341911078462
302819,419839,7.698965032107122
85752,467336,5.84943770274723
983003,287317,0.005136998508522859
597966,64135,23.3958264866085
259639,481574,0.25436380526959734
880633,398911,0.022412959266842315
307836,810277,6.161615985238911
428998,62760,0.018707502006706175
379357,378771,7.069472131794613
888088,154970,0.21062534733004296
791263,90870,4.597952857475432
527585,918042,4.55678043032599
197117,765004,10.751897187824051
38878,225992,0.8657255519604358
